-0.125664, 1.35496e-09, 99.9999
-0.241578, -0.0291413, 99.9815
-0.36629, -0.0811965, 99.978
-0.474701, -0.164033, 99.9979
-0.560816, -0.281608, 99.9944
-0.616612, -0.422945, 99.9814
-0.649613, -0.579387, 99.9835
-0.653958, -0.742569, 99.9918
-0.607393, -0.932313, 99.9862
-0.565021, -1.10291, 100.004
-0.476007, -1.27685, 100.003
-0.327818, -1.43859, 99.9882
-0.15164, -1.5916, 99.97
0.0791359, -1.71293, 99.9713
0.319022, -1.81346, 99.9544
0.576759, -1.88503, 99.9219
0.883212, -1.8964, 99.9062
1.19269, -1.86995, 99.9188
1.51721, -1.7918, 99.9186
1.83749, -1.66438, 99.9195
2.13338, -1.50553, 99.9295
2.4189, -1.27803, 99.9469
2.69741, -1.01109, 99.9353
2.92524, -0.707123, 99.9308
3.11624, -0.353687, 99.92
3.27061, 0.0343709, 99.9209
3.36469, 0.470775, 99.9175
3.38784, 0.922266, 99.9196
3.37256, 1.39539, 99.9152
3.28122, 1.87975, 99.8919
3.14105, 2.34427, 99.8801
2.91502, 2.78997, 99.871
2.6332, 3.22933, 99.85
2.2701, 3.64288, 99.8579
1.85813, 4.00625, 99.8433
1.37519, 4.31957, 99.8589
0.839218, 4.59148, 99.8593
0.25918, 4.78853, 99.8502
-0.346718, 4.90778, 99.8463
-1.00041, 4.95489, 99.8538
-1.62592, 4.92123, 99.8559
-2.25916, 4.78594, 99.8503
-2.90935, 4.56364, 99.8519
-3.54733, 4.26116, 99.844
-4.1467, 3.85941, 99.8236
-4.69649, 3.38473, 99.8325
-5.19241, 2.83941, 99.8281
-5.61766, 2.20969, 99.8282
-5.97285, 1.50723, 99.8259
-6.24098, 0.770752, 99.8104
-6.40514, 0.0101526, 99.7946
-6.47355, -0.819172, 99.7905
-6.44202, -1.67104, 99.7836
-6.29736, -2.51072, 99.7831
-6.03401, -3.33857, 99.7757
-5.67519, -4.13748, 99.7645
-5.19996, -4.9026, 99.7591
-4.61789, -5.61235, 99.7525
-3.94449, -6.25241, 99.753
-3.18808, -6.80696, 99.7414
-2.34587, -7.26822, 99.7229
-1.44281, -7.61574, 99.7007
-0.468381, -7.85547, 99.6871
0.536916, -7.97694, 99.6758
1.56709, -7.97351, 99.6581
2.58908, -7.82957, 99.6343
3.60583, -7.54977, 99.6184
4.60199, -7.1387, 99.5944
5.54598, -6.60715, 99.5839
6.42837, -5.94126, 99.5799
7.22404, -5.16053, 99.5695
7.93575, -4.26988, 99.5621
8.5325, -3.29626, 99.5494
8.99991, -2.23642, 99.5348
9.33577, -1.09991, 99.5207
9.53746, 0.0855725, 99.5095
9.57792, 1.29746, 99.4978
9.46326, 2.52608, 99.4774
9.18622, 3.73384, 99.4635
8.76379, 4.91243, 99.4313
8.18521, 6.04671, 99.4104
7.45577, 7.11293, 99.3946
6.58296, 8.07828, 99.3755
5.59195, 8.957, 99.3596
4.47414, 9.69674, 99.3525
3.27648, 10.288, 99.3384
1.96978, 10.7434, 99.3295
0.617349, 11.0361, 99.3143
-0.77148, 11.1541, 99.3015
-2.19811, 11.0908, 99.301
-3.61057, 10.8481, 99.3034
-4.98222, 10.4156, 99.3002
-6.32435, 9.82011, 99.2993
-7.57595, 9.04125, 99.3089
-8.7345, 8.1129, 99.2953
-9.78501, 7.03239, 99.2854
-10.6958, 5.81106, 99.2648
-11.4454, 4.47934, 99.2358
-12.0328, 3.04918, 99.2322
-12.448, 1.52554, 99.2267
-12.667, -0.0574964, 99.2109
-12.6782, -1.66089, 99.1998
-12.4887, -3.26435, 99.2011
-12.0973, -4.84917, 99.2026
-11.5013, -6.38385, 99.1855
-10.7138, -7.84209, 99.1674
-9.73162, -9.19942, 99.1452
-8.57379, -10.4531, 99.1275
-7.26109, -11.5482, 99.1007
-5.80076, -12.4761, 99.0815
-4.23284, -13.2238, 99.061
-2.56736, -13.7651, 99.0314
-0.814794, -14.09, 99.0079
0.978333, -14.2079, 98.9768
2.77025, -14.0947, 98.9479
4.56917, -13.7475, 98.9115
6.31484, -13.184, 98.8908
7.98249, -12.394, 98.8556
9.56064, -11.3878, 98.8446
11.0081, -10.1825, 98.8252
12.2914, -8.79655, 98.8182
13.4162, -7.24047, 98.7915
14.3435, -5.5543, 98.7658
15.0483, -3.7424, 98.7371
15.5297, -1.83865, 98.7033
15.7669, 0.125861, 98.6963
15.7567, 2.124, 98.6712
15.4842, 4.10693, 98.6318
14.9573, 6.06187, 98.6039
14.1967, 7.95616, 98.5697
13.1867, 9.74558, 98.5372
11.9582, 11.3902, 98.5147
10.5204, 12.9024, 98.4969
8.89369, 14.2249, 98.4929
7.08616, 15.3432, 98.4804
5.13612, 16.2249, 98.4532
3.08301, 16.8629, 98.4352
0.960979, 17.2475, 98.4045
-1.22191, 17.3532, 98.3919
-3.4103, 17.1864, 98.384
-5.56904, 16.737, 98.3716
-7.66421, 16.0228, 98.3689
-9.67999, 15.0379, 98.3606
-11.5614, 13.8068, 98.3639
-13.2997, 12.332, 98.3511
-14.8362, 10.636, 98.3343
-16.1654, 8.75645, 98.3233
-17.2508, 6.71203, 98.3004
-18.0722, 4.53211, 98.2827
-18.6147, 2.2476, 98.2616
-18.8713, -0.115998, 98.2436
-18.8334, -2.48653, 98.2516
-18.4916, -4.85135, 98.2342
-17.8504, -7.16671, 98.2144
-16.9178, -9.39963, 98.1878
-15.708, -11.5202, 98.179
-14.226, -13.4764, 98.162
-12.498, -15.2498, 98.1237
-10.5459, -16.802, 98.0892
-8.39922, -18.1054, 98.0604
-6.11699, -19.1305, 98.0298
-3.68036, -19.8535, 97.9845
-1.16389, -20.281, 97.9344
1.3932, -20.3727, 97.8878
3.96241, -20.1673, 97.8387
6.50772, -19.6208, 97.8036
8.97137, -18.7749, 97.7794
11.3152, -17.5968, 97.7377
13.5077, -16.1383, 97.7129
15.5262, -14.3812, 97.6826
17.3056, -12.3997, 97.6585
18.8377, -10.1893, 97.6208
20.0836, -7.79049, 97.5806
21.0309, -5.24207, 97.5372
21.6494, -2.59248, 97.5054
21.9332, 0.145849, 97.4841
21.8616, 2.92168, 97.4394
21.4464, 5.67843, 97.4026
20.6805, 8.37354, 97.3751
19.5731, 10.9464, 97.3188
18.1562, 13.3765, 97.2766
16.4168, 15.6336, 97.2465
14.4107, 17.6732, 97.2344
12.1426, 19.4488, 97.2281
9.66924, 20.9184, 97.205
7.00574, 22.0884, 97.1701
4.21017, 22.9044, 97.1474
1.29865, 23.3718, 97.1276
-1.63873, 23.4827, 97.1092
-4.58697, 23.2139, 97.0863
-7.49941, 22.5599, 97.0583
-10.3191, 21.5615, 97.0499
-13.0083, 20.1959, 97.0322
-15.5161, 18.5092, 97.0293
-17.8021, 16.4998, 97.0152
-19.8374, 14.2125, 97.0191
-21.5587, 11.6671, 96.9913
-22.9749, 8.92215, 96.9651
-24.0305, 5.99758, 96.9415
-24.7182, 2.96716, 96.9251
-25.0125, -0.154963, 96.9141
-24.9155, -3.29761, 96.894
-24.4246, -6.41435, 96.8672
-23.543, -9.4622, 96.8467
-22.2753, -12.3861, 96.8215
-20.6461, -15.1477, 96.7893
-18.6601, -17.7003, 96.7539
-16.3717, -19.9903, 96.7242
-13.8046, -21.9856, 96.6789
-10.9839, -23.6522, 96.6465
-7.96416, -24.9596, 96.6051
-4.79246, -25.8686, 96.5429
-1.51901, -26.3792, 96.487
1.81415, -26.4686, 96.4177
5.14519, -26.1462, 96.3605
8.42329, -25.4131, 96.3273
11.5991, -24.271, 96.2759
14.6023, -22.7256, 96.2196
17.4233, -20.8074, 96.1789
19.9865, -18.5339, 96.1413
22.255, -15.9535, 96.1005
24.1869, -13.0994, 96.0522
25.7602, -10.0082, 96.0155
26.9263, -6.72913, 95.9603
27.6863, -3.31083, 95.9362
28.0006, 0.188795, 95.873
27.8755, 3.7171, 95.82
27.3131, 7.21655, 95.7777
26.3041, 10.6329, 95.733
24.8747, 13.9077, 95.6851
23.0341, 16.9779, 95.6381
20.8176, 19.8107, 95.6118
18.2467, 22.3682, 95.5852
15.3647, 24.5827, 95.5661
12.2118, 26.4247, 95.5244
8.83733, 27.8552, 95.4882
5.29409, 28.8589, 95.462
1.64681, 29.4203, 95.4374
-2.06204, 29.5179, 95.4194
-5.76016, 29.1469, 95.4051
-9.41665, 28.303, 95.3811
-12.9386, 27.0126, 95.3787
-16.2938, 25.2853, 95.3664
-19.4171, 23.1247, 95.34
-22.252, 20.5999, 95.3261
-24.7531, 17.7244, 95.3238
-26.8833, 14.5467, 95.2961
-28.6087, 11.1089, 95.2649
-29.897, 7.47225, 95.2497
-30.7265, 3.67814, 95.2319
-31.0619, -0.190809, 95.2061
-30.9159, -4.10133, 95.1858
-30.2678, -7.95639, 95.1528
-29.1416, -11.7251, 95.1062
-27.5418, -15.343, 95.074
-25.5018, -18.7301, 95.0309
-23.027, -21.8541, 94.9828
-20.1877, -24.6505, 94.9336
-16.9978, -27.0881, 94.8857
-13.519, -29.1082, 94.8323
-9.79279, -30.6805, 94.7658
-5.89885, -31.7769, 94.6952
-1.87475, -32.3815, 94.6541
2.20557, -32.4726, 94.5887
6.28719, -32.0442, 94.513
10.2955, -31.1116, 94.4603
14.1703, -29.6784, 94.3951
17.8436, -27.7634, 94.3352
21.2625, -25.4032, 94.2898
24.3665, -22.6199, 94.2381
27.111, -19.4437, 94.1856
29.4452, -15.95, 94.123
31.3255, -12.1728, 94.0645
32.7192, -8.1739, 94.0136
33.6113, -4.01901, 93.9462
33.9517, 0.229892, 93.8648
33.7725, 4.50336, 93.802
33.0575, 8.72839, 93.7457
31.8268, 12.8543, 93.7039
30.0615, 16.8056, 93.6579
27.8188, 20.5113, 93.6169
25.1243, 23.9287, 93.5931
22.0137, 26.9701, 93.5488
18.5097, 29.6269, 93.5164
14.7, 31.8201, 93.4752
10.6302, 33.5224, 93.4397
6.36767, 34.7083, 93.4064
1.96824, 35.3462, 93.3914
-2.49025, 35.4382, 93.3812
-6.93086, 34.9693, 93.3499
-11.3017, 33.9359, 93.3306
-15.5136, 32.3717, 93.325
-19.5121, 30.2695, 93.3002
-23.2263, 27.664, 93.2732
-26.6073, 24.6237, 93.2496
-29.5835, 21.1661, 93.2333
-32.1047, 17.3569, 93.2217
-34.1422, 13.2526, 93.1959
-35.6524, 8.89284, 93.1725
-36.6072, 4.37925, 93.1519
-36.9858, -0.235889, 93.1245
-36.7832, -4.87939, 93.0938
-35.9901, -9.46648, 93.031
-34.6195, -13.9427, 92.9838
-32.7035, -18.2274, 92.9414
-30.2478, -22.2419, 92.8954
-27.3096, -25.931, 92.8588
-23.9225, -29.2304, 92.7971
-20.13, -32.0884, 92.7259
-16.0009, -34.4509, 92.6581
-11.589, -36.2903, 92.5967
-6.9703, -37.5796, 92.5382
-2.22175, -38.2648, 92.4647
2.60839, -38.3355, 92.3699
7.4138, -37.8161, 92.2945
12.1281, -36.6994, 92.2289
16.6819, -34.9793, 92.1484
20.9995, -32.704, 92.0729
25.0074, -29.893, 92.0113
28.6497, -26.6007, 91.9402
31.8482, -22.8648, 91.8853
34.5745, -18.748, 91.8246
36.7606, -14.3055, 91.7445
38.3742, -9.60904, 91.6673
39.3869, -4.72089, 91.5892
39.786, 0.254112, 91.516
39.5421, 5.25354, 91.4323
38.6929, 10.2151, 91.3803
37.224, 15.0202, 91.3233
35.1449, 19.6307, 91.269
32.4989, 23.9617, 91.2274
29.3328, 27.9402, 91.1893
25.6695, 31.4777, 91.133
21.5805, 34.5414, 91.0966
17.1263, 37.0833, 91.0515
12.3797, 39.0518, 91.0171
7.4048, 40.4106, 90.9976
2.28656, 41.1384, 90.9709
-2.89358, 41.2126, 90.9388
-8.06398, 40.6466, 90.9255
-13.1312, 39.426, 90.8914
-18.03, 37.5834, 90.8711
-22.6468, 35.122, 90.8402
-26.9493, 32.0959, 90.8162
-30.8472, 28.5461, 90.7986
-34.2894, 24.5302, 90.7946
-37.1882, 20.1001, 90.7474
-39.5232, 15.3293, 90.7291
-41.2559, 10.282, 90.7103
-42.3439, 5.05556, 90.6862
-42.7658, -0.278128, 90.664
-42.5068, -5.64583, 90.6156
-41.5794, -10.9556, 90.576
-39.9717, -16.1064, 90.5134
-37.7332, -21.0368, 90.4452
-34.8895, -25.6487, 90.3728
-31.4843, -29.8946, 90.3376
-27.567, -33.6798, 90.2774
-23.1953, -36.9513, 90.1958
-18.4306, -39.6603, 90.1156
-13.3399, -41.7624, 90.045
-8.0274, -43.2141, 89.9688
-2.54858, -43.9816, 89.8878
2.99132, -44.0478, 89.8063
8.50368, -43.4402, 89.7195
13.9126, -42.1282, 89.6185
19.1327, -40.136, 89.5282
24.0679, -37.5101, 89.442
28.6555, -34.276, 89.3621
32.8072, -30.4854, 89.2869
36.4626, -26.1873, 89.2088
39.5535, -21.4598, 89.1227
42.0433, -16.3697, 89.0486
43.8676, -10.9892, 88.9515
45.0095, -5.40415, 88.8691
45.4454, 0.278429, 88.7924
45.1544, 6.00136, 88.7151
44.1618, 11.6379, 88.6466
42.465, 17.1245, 88.5759
40.0781, 22.384, 88.5251
37.0497, 27.3049, 88.459
33.4151, 31.816, 88.4218
29.2364, 35.8521, 88.376
24.5743, 39.3246, 88.3301
19.4836, 42.2082, 88.2887
14.0758, 44.4211, 88.2306
8.40934, 45.9523, 88.2058
2.59143, 46.7538, 88.1733
-3.29697, 46.821, 88.1454
-9.1706, 46.1654, 88.1293
-14.9263, 44.765, 88.1069
-20.4717, 42.6442, 88.0728
-25.7142, 39.8493, 88.0467
-30.5755, 36.4002, 88.0225
-34.9759, 32.3643, 87.9931
-38.8517, 27.7921, 87.969
-42.1406, 22.7632, 87.9274
-44.7551, 17.3521, 87.894
-46.6965, 11.6416, 87.8607
-47.9055, 5.71003, 87.8448
-48.3675, -0.319783, 87.8215
-48.0643, -6.38454, 87.7869
-47.0038, -12.3769, 87.7407
-45.1815, -18.2047, 87.6827
-42.636, -23.7575, 87.6182
-39.4093, -28.9671, 87.5417
-35.5565, -33.7424, 87.4824
-31.1091, -38.0012, 87.3998
-26.162, -41.6809, 87.3119
-20.767, -44.703, 87.2141
-15.0369, -47.055, 87.1281
-9.04711, -48.6751, 87.0517
-2.87881, -49.5262, 86.9691
3.3564, -49.5998, 86.8716
9.56071, -48.8885, 86.7772
15.6486, -47.4007, 86.6663
21.5013, -45.1485, 86.5683
27.0456, -42.1676, 86.4697
32.1887, -38.5246, 86.3801
36.8364, -34.2528, 86.2811
40.9284, -29.419, 86.1822
44.3869, -24.094, 86.0901
47.1642, -18.3742, 86.0018
49.1946, -12.338, 85.9043
50.4552, -6.08005, 85.8089
50.9177, 0.303359, 85.7184
50.5838, 6.70322, 85.6258
49.4524, 13.0305, 85.5641
47.5375, 19.179, 85.4937
44.8521, 25.0471, 85.4226
41.445, 30.5341, 85.3567
37.3641, 35.5823, 85.3133
32.6856, 40.075, 85.2663
27.4612, 43.9481, 85.2065
21.7665, 47.1508, 85.1543
15.7111, 49.6098, 85.0984
9.38513, 51.3023, 85.0656
2.888, 52.1912, 85.0292
-3.68734, 52.2541, 85.0011
-10.2349, 51.499, 84.9933
-16.6485, 49.9303, 84.9705
-22.8342, 47.5544, 84.9454
-28.6741, 44.4169, 84.9106
-34.0843, 40.5602, 84.8793
-38.9793, 36.0424, 84.8463
-43.2901, 30.9449, 84.8092
-46.924, 25.338, 84.7737
-49.8248, 19.3086, 84.7299
-51.9687, 12.9463, 84.7059
-53.2931, 6.34104, 84.6682
-53.7809, -0.373373, 84.6355
-53.435, -7.1044, 84.5987
-52.2294, -13.758, 84.5427
-50.1829, -20.2181, 84.4817
-47.3541, -26.3917, 84.4133
-43.7726, -32.1662, 84.345
-39.4584, -37.4573, 84.2652
-34.5246, -42.1857, 84.1906
-29.0213, -46.24, 84.0927
-23.0443, -49.5987, 83.9879
-16.6873, -52.1912, 83.8914
-10.0312, -53.9528, 83.7983
-3.18581, -54.8769, 83.6903
3.71514, -54.9404, 83.5875
10.5895, -54.1374, 83.4769
17.3111, -52.4822, 83.3722
23.7919, -49.9837, 83.2649
29.9271, -46.6801, 83.1627
35.5931, -42.6194, 83.048
40.7223, -37.8826, 82.9397
45.2354, -32.5277, 82.8308
49.0351, -26.6366, 82.7114
52.0857, -20.307, 82.6042
54.3188, -13.6442, 82.5124
55.6942, -6.73132, 82.4089
56.198, 0.316519, 82.3031
55.8097, 7.38437, 82.2107
54.5416, 14.3641, 82.1348
52.4153, 21.1396, 82.0546
49.4514, 27.599, 81.9829
45.6894, 33.6561, 81.9227
41.1837, 39.2006, 81.8757
36.0128, 44.1483, 81.8289
30.2327, 48.406, 81.7594
23.9659, 51.9089, 81.6955
17.2944, 54.61, 81.6477
10.3185, 56.4514, 81.6019
3.16787, 57.4067, 81.5491
-4.07569, 57.4818, 81.5357
-11.2725, 56.6327, 81.5078
-18.3229, 54.8912, 81.4837
-25.1016, 52.2715, 81.454
-31.5153, 48.7973, 81.4223
-37.4471, 44.543, 81.3742
-42.829, 39.5863, 81.3622
-47.542, 33.976, 81.3219
-51.5245, 27.8095, 81.2811
-54.713, 21.1868, 81.2634
-57.035, 14.1957, 81.2184
-58.4712, 6.96612, 81.1673
-58.9944, -0.40733, 81.1245
-58.596, -7.79559, 81.0764
-57.2528, -15.0861, 81.0242
-55.0136, -22.1702, 80.958
-51.896, -28.9289, 80.8957
-47.9421, -35.2476, 80.8079
-43.2098, -41.0228, 80.7179
-37.8071, -46.1921, 80.6354
-31.7692, -50.6357, 80.53
-25.2249, -54.2932, 80.4243
-18.257, -57.1009, 80.3187
-10.9736, -59.0199, 80.2048
-3.50085, -60.0184, 80.0881
4.04591, -60.0586, 79.9595
11.5567, -59.1751, 79.8459
18.9104, -57.3603, 79.753
25.9936, -54.6157, 79.6392
32.6767, -50.9936, 79.5245
38.8764, -46.5666, 79.4133
44.4667, -41.3824, 79.2898
49.3629, -35.522, 79.1618
53.4981, -29.0855, 79.0332
56.8035, -22.1724, 78.9113
59.2187, -14.8839, 78.7944
60.7219, -7.34457, 78.6832
61.2582, 0.338648, 78.581
60.827, 8.041, 78.4846
59.4314, 15.647, 78.3954
57.0944, 23.0156, 78.3136
53.8465, 30.0471, 78.2259
49.7401, 36.6374, 78.1639
44.8208, 42.6589, 78.0967
39.1763, 48.0272, 78.0303
32.8947, 52.66, 77.9729
26.0539, 56.4534, 77.9062
18.797, 59.3808, 77.8532
11.2164, 61.3755, 77.8131
3.42193, 62.4022, 77.7629
-4.43685, 62.4578, 77.7271
-12.2533, 61.5351, 77.6958
-19.9154, 59.621, 77.6625
-27.2795, 56.756, 77.6409
-34.2338, 52.9843, 77.6137
-40.6801, 48.3591, 77.5801
-46.4937, 42.9591, 77.5352
-51.608, 36.8793, 77.5066
-55.9188, 30.1755, 77.4719
-59.3632, 22.9746, 77.4441
-61.8846, 15.4072, 77.4064
-63.4385, 7.54573, 77.3475
-63.9786, -0.454222, 77.3028
-63.5315, -8.46187, 77.2548
-62.0725, -16.3692, 77.1892
-59.6251, -24.035, 77.1176
-56.2286, -31.3437, 77.0313
-51.9334, -38.185, 76.9507
-46.8208, -44.4404, 76.8626
-40.9418, -50.0139, 76.7638
-34.3981, -54.8214, 76.6518
-27.3042, -58.759, 76.525
-19.7654, -61.7973, 76.4218
-11.8874, -63.8587, 76.2925
-3.79562, -64.9207, 76.1739
4.3585, -64.9716, 76.0519
12.484, -63.9864, 75.926
20.4338, -62.0065, 75.813
28.0795, -59.0308, 75.6938
35.3065, -55.1229, 75.5746
41.9888, -50.326, 75.4553
48.0136, -44.7124, 75.318
53.2975, -38.3764, 75.1772
57.7528, -31.4151, 75.0456
61.2984, -23.9494, 74.9127
63.9066, -16.0823, 74.7798
65.5053, -7.93959, 74.6574
66.072, 0.351467, 74.5545
65.5951, 8.65894, 74.4537
64.0897, 16.8609, 74.3701
61.5599, 24.8073, 74.2733
58.0341, 32.391, 74.1845
53.5953, 39.4797, 74.1026
48.289, 45.9609, 74.0206
42.1853, 51.7277, 73.9505
35.4069, 56.6947, 73.881
28.048, 60.7895, 73.8214
20.2251, 63.9275, 73.7628
12.0605, 66.0509, 73.7019
3.67721, 67.1585, 73.663
-4.7893, 67.2133, 73.6211
-13.1979, 66.1872, 73.5812
-21.4341, 64.113, 73.5429
-29.3566, 61.0375, 73.5273
-36.8272, 56.9619, 73.4951
-43.7454, 51.9893, 73.4592
-49.9942, 46.1805, 73.4258
-55.4689, 39.6259, 73.3912
-60.0864, 32.4091, 73.3415
-63.772, 24.6759, 73.2948
-66.4699, 16.529, 73.2541
-68.1211, 8.09441, 73.206
-68.7058, -0.498968, 73.1599
-68.193, -9.09339, 73.0987
-66.6183, -17.575, 73.0335
-63.9854, -25.7988, 72.9521
-60.3299, -33.6397, 72.8714
-55.7234, -40.9649, 72.7788
-50.2118, -47.6711, 72.6806
-43.9076, -53.6454, 72.5868
-36.8917, -58.7886, 72.4753
-29.2836, -63.0137, 72.35
-21.2004, -66.245, 72.2234
-12.7539, -68.4487, 72.1014
-4.09631, -69.5845, 71.9674
4.66208, -69.6233, 71.838
13.3625, -68.5573, 71.709
21.8739, -66.4244, 71.5908
30.051, -63.2276, 71.4575
37.7724, -59.0213, 71.3149
44.9221, -53.8679, 71.1739
51.3674, -47.8478, 71.0313
57.0131, -41.0646, 70.8918
61.7717, -33.6179, 70.7457
65.5766, -25.6236, 70.615
68.3489, -17.2164, 70.4999
70.0532, -8.49897, 70.3691
70.6464, 0.369172, 70.2458
70.1232, 9.24129, 70.1418
68.4916, 18.0065, 70.0226
65.7689, 26.4945, 69.9283
62.004, 34.602, 69.8458
57.2465, 42.171, 69.743
51.5617, 49.0767, 69.6635
45.0397, 55.2261, 69.5789
37.7778, 60.5165, 69.4974
29.9251, 64.8774, 69.4401
21.5746, 68.2205, 69.3658
12.8552, 70.4856, 69.3221
3.90144, 71.662, 69.2811
-5.12706, 71.7054, 69.2439
-14.0974, 70.592, 69.194
-22.8831, 68.3741, 69.1614
-31.3066, 65.0689, 69.1319
-39.2759, 60.7305, 69.0947
-46.6429, 55.417, 69.0626
-53.297, 49.2129, 69.024
-59.1103, 42.2113, 68.9752
-64.0267, 34.5217, 68.9265
-67.9426, 26.2655, 68.8791
-70.8006, 17.5854, 68.8386
-72.5508, 8.61007, 68.7805
-73.1495, -0.530626, 68.7262
-72.6164, -9.68737, 68.668
-70.9162, -18.7067, 68.5861
-68.0946, -27.4627, 68.5062
-64.2028, -35.7997, 68.42
-59.2734, -43.5893, 68.312
-53.4225, -50.7113, 68.2161
-46.7071, -57.0618, 68.1111
-39.2445, -62.5143, 67.9991
-31.1524, -66.9994, 67.8667
-22.5521, -70.431, 67.7426
-13.5651, -72.7571, 67.5978
-4.35704, -73.9381, 67.4575
4.94097, -73.9771, 67.3306
14.1802, -72.8488, 67.1937
23.2146, -70.5681, 67.0542
31.9015, -67.1483, 66.9167
40.0982, -62.6847, 66.7657
47.6807, -57.1971, 66.6169
54.5199, -50.8111, 66.4745
60.506, -43.6041, 66.3282
65.54, -35.6824, 66.1625
69.5654, -27.1979, 66.0279
72.4943, -18.2628, 65.8929
74.2986, -9.02518, 65.7719
74.9107, 0.380168, 65.6468
74.3474, 9.79026, 65.5104
72.5939, 19.0665, 65.3964
69.6987, 28.0765, 65.2883
65.6977, 36.6538, 65.1914
60.6516, 44.6668, 65.0988
54.617, 51.996, 65.021
47.6925, 58.505, 64.9295
40.0141, 64.0999, 64.8463
31.6735, 68.7089, 64.7746
22.8193, 72.2271, 64.6978
13.5811, 74.6194, 64.6537
4.11645, 75.8556, 64.6064
-5.43254, 75.8756, 64.5701
-14.9387, 74.7108, 64.5225
-24.2222, 72.3569, 64.4971
-33.1495, 68.8338, 64.4427
-41.5691, 64.242, 64.4016
-49.353, 58.6061, 64.3727
-56.3894, 52.0402, 64.3309
-62.5389, 44.6344, 64.2935
-67.7241, 36.4949, 64.2458
-71.8459, 27.7602, 64.1919
-74.857, 18.5848, 64.1343
-76.6817, 9.08501, 64.0788
-77.3281, -0.578909, 64.0284
-76.7312, -10.2417, 63.9517
-74.9272, -19.7753, 63.8633
-71.9476, -29.0205, 63.7898
-67.8249, -37.8234, 63.7062
-62.6274, -46.0433, 63.5963
-56.4218, -53.563, 63.4786
-49.3236, -60.2486, 63.3714
-41.4437, -66.0126, 63.2524
-32.8873, -70.7275, 63.1333
-23.8141, -74.3453, 62.9957
-14.3291, -76.7894, 62.8533
-4.61228, -78.0434, 62.7087
5.19863, -78.0723, 62.5708
14.9357, -76.8616, 62.42
24.4672, -74.427, 62.2669
33.6147, -70.8062, 62.1053
42.2577, -66.0812, 61.9476
50.2399, -60.3032, 61.788
57.4502, -53.5608, 61.6476
63.75, -45.9619, 61.4922
69.0643, -37.6275, 61.3384
73.2829, -28.6713, 61.1817
76.3757, -19.2589, 61.0438
78.2503, -9.52779, 60.9078
78.8896, 0.383884, 60.7726
78.2834, 10.3013, 60.643
76.4293, 20.0772, 60.5199
73.3721, 29.5484, 60.4141
69.1537, 38.5716, 60.3072
63.814, 47.0082, 60.2007
57.4532, 54.703, 60.114
50.1739, 61.5445, 60.0268
42.0719, 67.4318, 59.9287
33.3083, 72.2593, 59.8627
23.9853, 75.9565, 59.7949
14.2727, 78.4714, 59.732
4.31523, 79.7547, 59.6881
-5.73508, 79.7762, 59.6422
-15.7134, 78.5204, 59.6032
-25.4755, 76.0381, 59.5543
-34.8518, 72.335, 59.5147
-43.6952, 67.4983, 59.471
-51.8667, 61.5646, 59.4323
-59.2439, 54.6585, 59.3941
-65.7087, 46.8709, 59.3536
-71.1347, 38.3121, 59.2938
-75.4539, 29.1482, 59.2417
-78.6025, 19.4983, 59.1907
-80.5329, 9.52943, 59.1293
-81.195, -0.616462, 59.0797
-80.5621, -10.7688, 58.9949
-78.6479, -20.7695, 58.9093
-75.5097, -30.4754, 58.8228
-71.1841, -39.6991, 58.7388
-65.7257, -48.3287, 58.6389
-59.2046, -56.2085, 58.5205
-51.7571, -63.228, 58.3993
-43.482, -69.2379, 58.2763
-34.5078, -74.1908, 58.1434
-24.9832, -77.9775, 58.0069
-15.0491, -80.5341, 57.8572
-4.85334, -81.8309, 57.7023
5.42582, -81.837, 57.5514
15.6418, -80.5564, 57.3914
25.6095, -77.9926, 57.2179
35.2019, -74.1983, 57.0579
44.2422, -69.2323, 56.8941
52.6065, -63.17, 56.7304
60.1432, -56.1032, 56.5757
66.7438, -48.1359, 56.4093
72.3119, -39.4098, 56.2653
76.7348, -30.0398, 56.1106
79.9494, -20.1768, 55.956
81.8939, -9.98619, 55.8155
82.5491, 0.389383, 55.67
81.8989, 10.7753, 55.5357
79.9691, 20.9962, 55.4162
76.765, 30.9073, 55.3043
72.3282, 40.3411, 55.187
66.7365, 49.1554, 55.0799
60.072, 57.2018, 54.9849
52.441, 64.3544, 54.8829
43.9818, 70.503, 54.8071
34.8093, 75.5425, 54.7196
25.0647, 79.4145, 54.6574
14.9193, 82.0295, 54.6014
4.4976, 83.3459, 54.5433
-6.0019, 83.3437, 54.4847
-16.442, 82.052, 54.4426
-26.6373, 79.4342, 54.405
-36.4298, 75.5707, 54.3643
-45.6653, 70.506, 54.3177
-54.2014, 64.3068, 54.2765
-61.8977, 57.0714, 54.2325
-68.624, 48.9186, 54.1795
-74.2864, 39.9923, 54.1269
-78.7798, 30.4101, 54.0732
-82.0687, 20.3407, 54.0144
-84.058, 9.93279, 53.9539
-84.7404, -0.652593, 53.8945
-84.0664, -11.2431, 53.8156
-82.0792, -21.6919, 53.7339
-78.7953, -31.8012, 53.6371
-74.2694, -41.4291, 53.5415
-68.5579, -50.4163, 53.4309
-61.7564, -58.6195, 53.315
-53.974, -65.9122, 53.1792
-45.3491, -72.1984, 53.0627
-35.9976, -77.3474, 52.9142
-26.0597, -81.2757, 52.7667
-15.691, -83.9401, 52.6242
-5.07398, -85.2982, 52.4695
5.64117, -85.2959, 52.2958
16.2759, -83.9473, 52.1313
26.6781, -81.2774, 51.9736
36.6532, -77.3276, 51.8105
46.0753, -72.1454, 51.6332
54.7736, -65.8081, 51.4621
62.6106, -58.4362, 51.2825
69.4741, -50.1326, 51.1264
75.2674, -41.0412, 50.9633
79.857, -31.2804, 50.802
83.1837, -21.0034, 50.6385
85.2101, -10.3952, 50.4978
85.8818, 0.395166, 50.3406
85.2022, 11.2037, 50.2027
83.1707, 21.8355, 50.0742
79.818, 32.1295, 49.9578
75.1883, 41.9496, 49.8308
69.3834, 51.1098, 49.7302
62.4419, 59.4718, 49.6288
54.5079, 66.9073, 49.5429
45.7014, 73.284, 49.4423
36.1605, 78.5338, 49.3675
26.0379, 82.5474, 49.2991
15.4787, 85.2442, 49.2374
4.65341, 86.5932, 49.1727
-6.25818, 86.6039, 49.1153
-17.1048, 85.2314, 49.075
-27.6912, 82.5116, 49.0197
-37.8587, 78.4878, 48.9886
-47.4578, 73.2069, 48.9366
-56.3088, 66.7539, 48.8897
-64.2873, 59.242, 48.8441
-71.2755, 50.7842, 48.7878
-77.1303, 41.4958, 48.7344
-81.8136, 31.5622, 48.6886
-85.193, 21.0985, 48.6155
-87.2598, 10.2972, 48.5631
-87.9496, -0.688564, 48.4906
-87.2475, -11.6858, 48.4217
-85.1867, -22.5189, 48.334
-81.7765, -33.0115, 48.2419
-77.0661, -42.9919, 48.1369
-71.1261, -52.2974, 48.014
-64.0574, -60.8056, 47.8875
-55.9975, -68.3723, 47.7654
-47.0463, -74.866, 47.6253
-37.3332, -80.1996, 47.4883
-27.0263, -84.2713, 47.3329
-16.2825, -87.042, 47.1911
-5.26988, -88.427, 47.0214
5.8318, -88.4107, 46.8507
16.8624, -87.0154, 46.6922
27.6194, -84.2326, 46.5108
37.9604, -80.1286, 46.333
47.7114, -74.7417, 46.1583
56.7178, -68.1832, 45.9777
64.8397, -60.5383, 45.8035
71.9479, -51.9466, 45.6338
77.9139, -42.5081, 45.4595
82.6658, -32.3946, 45.2883
86.0979, -21.7594, 45.1275
88.1901, -10.78, 44.9802
88.8751, 0.399867, 44.8223
88.1787, 11.5776, 44.6885
86.0568, 22.5753, 44.5476
82.5856, 33.2353, 44.4164
77.7934, 43.3865, 44.2979
71.7549, 52.8669, 44.1815
64.5747, 61.5034, 44.0808
56.3558, 69.184, 43.9784
47.2471, 75.7877, 43.8943
37.3726, 81.2084, 43.811
26.8991, 85.3454, 43.7404
15.9775, 88.1145, 43.6707
4.79193, 89.5011, 43.6039
-6.48896, 89.4967, 43.5469
-17.6898, 88.0876, 43.5002
-28.6346, 85.264, 43.4627
-39.148, 81.1042, 43.4065
-49.0466, 75.6225, 43.3568
-58.1925, 68.9451, 43.3136
-66.432, 61.1861, 43.2602
-73.643, 52.4463, 43.212
-79.7085, 42.8562, 43.1664
-84.53, 32.5873, 43.1087
-88.0164, 21.7848, 43.046
-90.1201, 10.6179, 42.9822
-90.8207, -0.7234, 42.9111
-90.0958, -12.0814, 42.8314
-87.9573, -23.2583, 42.7366
-84.4233, -34.0771, 42.6399
-79.5503, -44.3658, 42.5345
-73.4247, -53.9778, 42.4168
-66.1491, -62.7768, 42.2951
-57.8115, -70.5742, 42.164
-48.5615, -77.2721, 42.0274
-38.5415, -82.7614, 41.8828
-27.901, -86.9485, 41.7213
-16.8145, -89.7814, 41.5565
-5.45584, -91.1982, 41.3872
5.99258, -91.1976, 41.2278
17.3581, -89.7418, 41.0526
28.4575, -86.8555, 40.8674
39.1119, -82.6129, 40.6868
49.1616, -77.0519, 40.5044
58.4315, -70.2839, 40.3165
66.795, -62.4013, 40.1338
74.1041, -53.5335, 39.9495
80.2545, -43.8172, 39.7714
85.1445, -33.3907, 39.6061
88.6783, -22.4274, 39.4378
90.805, -11.1061, 39.2692
91.5123, 0.39676, 39.1159
90.7841, 11.9112, 38.977
88.5936, 23.2361, 38.8345
84.9997, 34.2088, 38.6989
80.0769, 44.6645, 38.5848
73.8518, 54.4027, 38.4622
66.4371, 63.2838, 38.3511
57.974, 71.1854, 38.2512
48.6004, 77.9841, 38.1653
38.4433, 83.544, 38.0905
27.6659, 87.793, 38.0135
16.4139, 90.6492, 37.9399
4.90546, 92.0757, 37.8737
-6.70423, 92.0722, 37.8223
-18.2276, 90.6019, 37.7697
-29.4761, 87.6821, 37.7194
-40.2704, 83.364, 37.6603
-50.4538, 77.7312, 37.6088
-59.8443, 70.8688, 37.5564
-68.3204, 62.8839, 37.5143
-75.7361, 53.8976, 37.4728
-81.9562, 44.0415, 37.4203
-86.8963, 33.481, 37.3624
-90.4837, 22.3736, 37.3044
-92.6304, 10.9063, 37.2348
-93.3508, -0.751599, 37.1551
-92.594, -12.4177, 37.0744
-90.3882, -23.9044, 36.9802
-86.7464, -35.0214, 36.8736
-81.7358, -45.5994, 36.7589
-75.4476, -55.4675, 36.648
-67.9611, -64.4807, 36.5308
-59.3835, -72.4864, 36.3938
-49.8853, -79.3629, 36.251
-39.5889, -84.9846, 36.0933
-28.6568, -89.2747, 35.9276
-17.2768, -92.1624, 35.7572
-5.62569, -93.6146, 35.5904
6.13761, -93.602, 35.4213
17.7861, -92.0888, 35.2342
29.1673, -89.1237, 35.0498
40.0978, -84.7602, 34.8719
50.3993, -79.0628, 34.6791
59.9327, -72.1206, 34.4955
68.4953, -64.0285, 34.3124
75.9808, -54.9192, 34.1257
82.2785, -44.9475, 33.9444
87.2673, -34.2477, 33.7614
90.8737, -23.0097, 33.5754
93.0721, -11.4048, 33.4125
93.7742, 0.38437, 33.2549
93.0089, 12.1883, 33.1155
90.7673, 23.8041, 32.9632
87.0927, 35.0507, 32.8291
82.0171, 45.749, 32.7047
75.6215, 55.7257, 32.5896
68.0436, 64.8341, 32.4771
59.382, 72.9257, 32.3776
49.771, 79.8725, 32.2913
39.3629, 85.5733, 32.2064
28.3092, 89.9019, 32.1264
16.7953, 92.8123, 32.0479
4.99843, 94.2846, 31.9923
-6.89035, 94.2525, 31.9432
-18.687, 92.7545, 31.8882
-30.192, 89.7442, 31.8287
-41.246, 85.3166, 31.7732
-51.6579, 79.5547, 31.7246
-61.2796, 72.5255, 31.6759
-69.9442, 64.3443, 31.6318
-77.523, 55.1371, 31.5783
-83.8805, 45.0446, 31.523
-88.9355, 34.2376, 31.471
-92.5928, 22.8691, 31.4033
-94.7942, 11.1449, 31.328
-95.5019, -0.786824, 31.2443
-94.7246, -12.7114, 31.1632
-92.4588, -24.453, 31.0725
-88.7107, -35.8218, 30.9589
-83.5839, -46.6217, 30.8451
-77.1353, -56.7169, 30.7256
-69.4775, -65.9186, 30.6068
-60.7155, -74.0895, 30.4662
-50.994, -81.1171, 30.3216
-40.4705, -86.8616, 30.1606
-29.3056, -91.2399, 29.9919
-17.6747, -94.1991, 29.8236
-5.77058, -95.6754, 29.6632
6.23755, -95.6449, 29.4754
18.1494, -94.08, 29.288
29.7802, -91.0393, 29.0995
40.9311, -86.5823, 28.9177
51.4491, -80.7595, 28.7247
61.1639, -73.6594, 28.5367
69.9107, -65.3888, 28.3413
77.5513, -56.0806, 28.1555
83.9601, -45.8978, 27.9617
89.0544, -34.9756, 27.7794
92.7397, -23.5002, 27.6068
94.9532, -11.6576, 27.4347
95.6736, 0.38134, 27.2742
94.8943, 12.4243, 27.1142
92.6087, 24.2691, 26.9658
88.8271, 35.7375, 26.8267
83.6389, 46.6469, 26.7066
77.1279, 56.8226, 26.5863
69.3921, 66.1269, 26.4782
60.541, 74.368, 26.378
50.7409, 81.4583, 26.2887
40.1204, 87.2379, 26.2034
28.8395, 91.6527, 26.1166
17.0967, 94.6186, 26.042
5.07713, 96.1029, 25.9815
-7.04782, 96.0807, 25.9249
-19.061, 94.5185, 25.8634
-30.7954, 91.4593, 25.8141
-42.0641, 86.9662, 25.772
-52.6797, 81.0797, 25.7155
-62.4646, 73.8955, 25.6657
-71.2761, 65.5423, 25.6059
-78.9802, 56.1468, 25.5542
-85.4565, 45.8691, 25.4952
-90.6036, 34.8648, 25.4438
-94.3233, 23.286, 25.3808
-96.5679, 11.3321, 25.2973
-97.2776, -0.812584, 25.2219
-96.4685, -12.9505, 25.1286
-94.1341, -24.9069, 25.0351
-90.3339, -36.4694, 24.9324
-85.1049, -47.469, 24.8157
-78.5342, -57.7347, 24.6875
-70.7163, -67.0889, 24.5591
-61.7978, -75.3989, 24.4271
-51.9134, -82.5371, 24.2651
-41.2021, -88.3959, 24.1136
-29.8495, -92.8613, 23.9435
-18.0047, -95.8546, 23.7788
-5.89263, -97.3461, 23.602
6.32388, -97.2882, 23.4171
18.4391, -95.6858, 23.2195
30.2609, -92.6162, 23.0369
41.6111, -88.0752, 22.8511
52.2972, -82.1344, 22.6537
62.1646, -74.9047, 22.4551
71.0454, -66.4958, 22.2678
78.8132, -57.0313, 22.0688
85.3349, -46.6783, 21.8835
90.4964, -35.5717, 21.6897
94.2372, -23.9047, 21.5161
96.4932, -11.8654, 21.347
97.2213, 0.368398, 21.1819
96.4109, 12.6023, 21.0198
94.0598, 24.6471, 20.8731
90.2149, 36.2856, 20.7394
84.9281, 47.3565, 20.5953
78.3008, 57.6956, 20.4771
70.4338, 67.1261, 20.3716
61.4625, 75.5145, 20.2624
51.4969, 82.6805, 20.1702
40.6984, 88.5412, 20.0843
29.2584, 93.0126, 20.0004
17.3314, 96.0429, 19.9362
5.12196, 97.5468, 19.8708
-7.17375, 97.4975, 19.8059
-19.3758, 95.9118, 19.7466
-31.2894, 92.8103, 19.6988
-42.7135, 88.2351, 19.6502
-53.4844, 82.2573, 19.6036
-63.4104, 74.9673, 19.5451
-72.3466, 66.4844, 19.4982
-80.1569, 56.9515, 19.4344
-86.7259, 46.5193, 19.3831
-91.9412, 35.348, 19.3274
-95.6965, 23.6022, 19.2528
-97.964, 11.4744, 19.1653
-98.6682, -0.834848, 19.0946
-97.8309, -13.1533, 18.9985
-95.452, -25.2625, 18.9017
-91.5866, -36.9808, 18.8003
-86.283, -48.1243, 18.6898
-79.6098, -58.5251, 18.5597
-71.6845, -67.9933, 18.4243
-62.6468, -76.4126, 18.2781
-52.6279, -83.6564, 18.128
-41.7776, -89.5812, 17.9665
-30.2613, -94.0978, 17.7997
-18.2736, -97.1311, 17.6359
-5.99166, -98.634, 17.4497
6.37696, -98.5627, 17.2587
18.6463, -96.9493, 17.0689
30.6295, -93.8208, 16.8877
42.1102, -89.2087, 16.6944
52.9383, -83.1823, 16.503
62.9286, -75.8712, 16.292
71.9214, -67.3459, 16.1008
79.7716, -57.7626, 15.9104
86.3621, -47.2684, 15.7064
91.5836, -36.0163, 15.5234
95.3652, -24.2237, 15.3485
97.641, -12.0222, 15.1681
98.3633, 0.358567, 14.999
97.5258, 12.7407, 14.8464
95.1332, 24.9182, 14.6888
91.2278, 36.6919, 14.5412
85.8775, 47.8922, 14.4104
79.1709, 58.3396, 14.2934
71.211, 67.8817, 14.1804
62.1239, 76.3437, 14.0704
52.0448, 83.588, 13.973
41.1252, 89.5242, 13.8952
29.5514, 94.0539, 13.8136
17.4963, 97.1088, 13.7428
5.15477, 98.6199, 13.6799
-7.27475, 98.554, 13.6183
-19.6107, 96.9464, 13.5631
-31.6461, 93.7888, 13.5096
-43.1956, 89.1522, 13.4579
-54.0731, 83.0992, 13.4073
-64.1055, 75.7339, 13.353
-73.1358, 67.1578, 13.2951
-81.0225, 57.5333, 13.24
-87.6436, 46.9908, 13.1854
-92.8987, 35.6907, 13.1249
-96.689, 23.8264, 13.0469
-98.9496, 11.5756, 12.9679
-99.6708, -0.864747, 12.892
-98.819, -13.2959, 12.8004
-96.4144, -25.5192, 12.699
-92.5059, -37.3584, 12.5956
-87.1289, -48.6058, 12.4857
-80.3974, -59.098, 12.3577
-72.3992, -68.6586, 12.2209
-63.2754, -77.1692, 12.0753
-53.1499, -84.4491, 11.924
-42.1877, -90.4234, 11.755
-30.5693, -94.9627, 11.5957
-18.4695, -98.0197, 11.4162
-6.07261, -99.5106, 11.2338
6.41625, -99.4487, 11.0441
18.7836, -97.8051, 10.8531
30.8595, -94.648, 10.6648
42.4477, -89.9852, 10.4659
53.3591, -83.9076, 10.2667
63.431, -76.5156, 10.0636
72.5003, -67.925, 9.86683
80.4122, -58.2577, 9.66813
87.0451, -47.6658, 9.47998
92.308, -36.3317, 9.28995
96.1051, -24.4239, 9.10304
98.373, -12.1354, 8.93016
99.0984, 0.344064, 8.76036
98.2448, 12.8104, 8.60007
95.8321, 25.0827, 8.44585
91.8897, 36.9518, 8.30074
86.4991, 48.2394, 8.16489
79.7384, 58.7476, 8.04282
71.7122, 68.3556, 7.93007
62.5437, 76.8783, 7.83263
52.3895, 84.1799, 7.73545
41.3944, 90.154, 7.64358
29.7384, 94.7179, 7.56867
17.5935, 97.7688, 7.49541
5.1684, 99.2923, 7.42332
-7.35257, 99.2107, 7.36872
-19.7722, 97.5771, 7.30788
-31.8938, 94.4153, 7.26371
-43.5082, 89.7325, 7.2069
-54.4582, 83.6297, 7.15736
-64.5575, 76.2111, 7.09836
-73.6276, 67.5712, 7.03912
-81.5596, 57.8757, 6.99035
-88.2175, 47.2631, 6.93053
-93.4965, 35.8981, 6.86705
-97.285, 23.9514, 6.79567
-99.5721, 11.6254, 6.7245
-100.289, -0.89156, 6.64421
-99.4363, -13.391, 6.54816
-97.0235, -25.6969, 6.451
-93.0738, -37.5972, 6.34255
-87.6513, -48.8993, 6.23279
-80.8792, -59.4477, 6.10546
-72.8277, -69.0621, 5.96767
-63.6478, -77.583, 5.81803
-53.4599, -84.9129, 5.66001
-42.4379, -90.9055, 5.49965
-30.7595, -95.4691, 5.33102
-18.5928, -98.5156, 5.15768
-6.13992, -100.006, 4.97252
6.40936, -99.9361, 4.77566
18.8459, -98.2947, 4.58921
30.9751, -95.1007, 4.39578
42.6112, -90.4103, 4.19833
53.5671, -84.3114, 3.993
63.6779, -76.877, 3.80003
72.7874, -68.2463, 3.59562
80.7269, -58.5248, 3.39798
87.391, -47.8948, 3.20916
92.6532, -36.4995, 3.01348
96.4609, -24.5374, 2.83236
98.7297, -12.202, 2.65041
99.4459, 0.331806, 2.48218
98.5904, 12.8495, 2.32267
96.1488, 25.1628, 2.17158
92.1988, 37.0682, 2.03591
86.7706, 48.3908, 1.89511
79.9847, 58.9465, 1.7694
71.9306, 68.581, 1.66238
62.7355, 77.1285, 1.55117
52.5378, 84.4484, 1.46321
41.4957, 90.4364, 1.37561
29.7967, 94.9882, 1.29673
17.6223, 98.0368, 1.21854
5.1533, 99.5477, 1.14716
-7.40712, 99.4698, 1.09161
-19.856, 97.8349, 1.03675
-32.011, 94.6496, 0.986822
-43.6472, 89.9448, 0.941886
-54.625, 83.8326, 0.888399
-64.747, 76.3787, 0.820085
-73.8527, 67.7262, 0.763446
-81.7923, 57.9969, 0.703603
-88.4627, 47.3508, 0.653402
-93.7244, 35.9543, 0.582153
-97.5209, 23.9867, 0.523447
-99.8031, 11.6297, 0.445749
-100.504, -0.90803, 0.357581
-99.6592, -13.4429, 0.272753
-97.2397, -25.7678, 0.172351
-93.2586, -37.6732, 0.0709138
-87.8286, -48.9964, -0.053337
-81.0249, -59.5517, -0.180839
-72.9643, -69.1729, -0.309421
-63.765, -77.7175, -0.465553
-53.5605, -85.0352, -0.614869
-42.5294, -91.0274, -0.77952
-30.8165, -95.5915, -0.958711
-18.6478, -98.6268, -1.1232
-6.17275, -100.116, -1.31282
6.37976, -100.031, -1.49245
18.8287, -98.3842, -1.68965
30.9708, -95.1912, -1.88579
42.619, -90.4951, -2.08371
53.567, -84.3792, -2.28423
63.6783, -76.9328, -2.48481
72.7783, -68.283, -2.67694
80.7078, -58.5549, -2.88384
87.3513, -47.9053, -3.07007
92.6385, -36.524, -3.25881
96.4493, -24.5681, -3.44825
98.7149, -12.2235, -3.62714
99.4239, 0.301426, -3.8027
98.5575, 12.835, -3.96075
96.1168, 25.1397, -4.10568
92.1342, 37.0423, -4.24921
86.7202, 48.3616, -4.38279
79.9342, 58.9171, -4.51177
71.8752, 68.545, -4.62133
62.672, 77.0765, -4.72139
52.4721, 84.3605, -4.81276
41.4321, 90.3431, -4.89985
29.7429, 94.8966, -4.98976
17.575, 97.9309, -5.06085
5.11763, 99.425, -5.12519
-7.43031, 99.343, -5.18563
-19.8698, 97.6979, -5.23953
-31.9971, 94.5066, -5.29614
-43.6271, 89.8035, -5.34595
-54.5803, 83.686, -5.39144
-64.6823, 76.2494, -5.4603
-73.7686, 67.5956, -5.51816
-81.7034, 57.8834, -5.57908
-88.3466, 47.2466, -5.64206
-93.5833, 35.8583, -5.69991
-97.3806, 23.9179, -5.76021
-99.6445, 11.5848, -5.82744
-100.351, -0.932175, -5.91553
-99.4957, -13.4345, -6.01967
-97.0516, -25.7172, -6.1074
-93.0727, -37.6007, -6.21886
-87.6498, -48.8974, -6.33825
-80.8688, -59.4286, -6.4658
-72.826, -69.0277, -6.60488
-63.6416, -77.5458, -6.74162
-53.4535, -84.8386, -6.89429
-42.4456, -90.8025, -7.05941
-30.7705, -95.3496, -7.22414
-18.6188, -98.3668, -7.40643
-6.18362, -99.8351, -7.58411
6.32574, -99.7505, -7.77729
18.731, -98.0866, -7.96651
30.8347, -94.9078, -8.16251
42.4283, -90.2117, -8.36035
53.3495, -84.1051, -8.55656
63.4239, -76.6869, -8.75272
72.4882, -68.0613, -8.9553
80.3818, -58.3609, -9.15325
87.0098, -47.7597, -9.34381
92.2697, -36.413, -9.53003
96.048, -24.4962, -9.71577
98.3206, -12.1953, -9.89408
99.0082, 0.282928, -10.0669
98.1247, 12.7523, -10.2283
95.669, 25.012, -10.374
91.7244, 36.8704, -10.506
86.3183, 48.1378, -10.6415
79.5606, 58.6395, -10.7638
71.5268, 68.218, -10.8871
62.348, 76.6893, -10.9929
52.1911, 83.9428, -11.0766
41.209, 89.8982, -11.1685
29.5696, 94.4079, -11.2507
17.4596, 97.4255, -11.326
5.06144, 98.8899, -11.3895
-7.41736, 98.7949, -11.4445
-19.7862, 97.1524, -11.4886
-31.8588, 93.9773, -11.5549
-43.4272, 89.2914, -11.6019
-54.3085, 83.1989, -11.6643
-64.3565, 75.8046, -11.7136
-73.3997, 67.2092, -11.772
-81.2851, 57.5364, -11.8402
-87.8749, 46.9606, -11.8995
-93.1029, 35.6381, -11.9561
-96.8503, 23.7485, -12.0156
-99.099, 11.4908, -12.0931
-99.7903, -0.943051, -12.1741
-98.9331, -13.3731, -12.2676
-96.5006, -25.5922, -12.3705
-92.5469, -37.39, -12.4825
-87.1362, -48.6127, -12.5928
-80.3859, -59.0637, -12.721
-72.3857, -68.6035, -12.8581
-63.2461, -77.0514, -12.9925
-53.1344, -84.2971, -13.148
-42.1943, -90.2172, -13.2957
-30.5946, -94.6888, -13.4652
-18.5217, -97.6922, -13.647
-6.17749, -99.1463, -13.8253
6.24497, -99.0717, -14.0233
18.5595, -97.4172, -14.2116
30.5725, -94.2271, -14.4018
42.0881, -89.5585, -14.5965
52.9276, -83.5168, -14.797
62.9281, -76.1525, -14.9892
71.9063, -67.5721, -15.1917
79.7603, -57.9489, -15.3903
86.3131, -47.4197, -15.5739
91.5284, -36.1583, -15.7661
95.2804, -24.3257, -15.9517
97.5049, -12.1251, -16.1208
98.1695, 0.250655, -16.2875
97.2744, 12.6265, -16.4404
94.8598, 24.7775, -16.5899
90.9299, 36.5477, -16.7328
85.5667, 47.7189, -16.8586
78.8444, 58.1259, -16.9819
70.8788, 67.611, -17.0982
61.7815, 76.0199, -17.2058
51.7068, 83.2199, -17.2968
40.8151, 89.0957, -17.3862
29.2719, 93.5636, -17.4669
17.2658, 96.5349, -17.5407
4.98849, 97.9853, -17.61
-7.3898, 97.8798, -17.662
-19.6407, 96.2498, -17.712
-31.5945, 93.0889, -17.7696
-43.0537, 88.4479, -17.8218
-53.8406, 82.4001, -17.8796
-63.79, 75.0709, -17.929
-72.7244, 66.5426, -17.9815
-80.5343, 56.9607, -18.0437
-87.0556, 46.4742, -18.0942
-92.2121, 35.2582, -18.1616
-95.9187, 23.4971, -18.2205
-98.1301, 11.3527, -18.2913
-98.8173, -0.960012, -18.3794
-97.9603, -13.2603, -18.4755
-95.5366, -25.3496, -18.5731
-91.6313, -37.0403, -18.6745
-86.2849, -48.1368, -18.8023
-79.6043, -58.4913, -18.9221
-71.6718, -67.9113, -19.0479
-62.6283, -76.2724, -19.1859
-52.6095, -83.4279, -19.3369
-41.7699, -89.2513, -19.4878
-30.3, -93.6837, -19.6622
-18.3551, -96.6492, -19.8403
-6.14892, -98.0937, -20.0263
6.14002, -98.0044, -20.219
18.3203, -96.355, -20.3997
30.2024, -93.197, -20.5843
41.5778, -88.5757, -20.7853
52.2937, -82.5789, -20.9758
62.1635, -75.2913, -21.1729
71.0403, -66.8122, -21.3705
78.7777, -57.2963, -21.5577
85.2607, -46.8909, -21.7468
90.4057, -35.7518, -21.931
94.0941, -24.0534, -22.1123
96.2941, -12.0077, -22.2866
96.9308, 0.23415, -22.4418
96.0545, 12.4469, -22.5925
93.661, 24.4671, -22.7489
89.7723, 36.0738, -22.8823
84.467, 47.1109, -23.0161
77.8302, 57.3792, -23.1367
69.9546, 66.734, -23.2486
60.9818, 75.0463, -23.3584
51.0258, 82.149, -23.4467
40.2573, 87.9339, -23.5342
28.87, 92.3352, -23.6154
17.0128, 95.2565, -23.6856
4.88143, 96.6925, -23.7528
-7.33028, 96.5779, -23.8101
-19.4236, 94.9459, -23.8641
-31.2083, 91.8186, -23.9103
-42.5152, 87.233, -23.9642
-53.1566, 81.2774, -24.0217
-62.9563, 74.0322, -24.0726
-71.7703, 65.6058, -24.1126
-79.4752, 56.1529, -24.1723
-85.8919, 45.8062, -24.2294
-90.9802, 34.7513, -24.2999
-94.6319, 23.1441, -24.3569
-96.8016, 11.1719, -24.4319
-97.4838, -0.969117, -24.5263
-96.6283, -13.1002, -24.6149
-94.2313, -25.0213, -24.705
-90.3607, -36.5381, -24.8161
-85.0927, -47.4765, -24.9316
-78.5014, -57.6817, -25.0491
-70.6782, -66.9741, -25.1792
-61.7583, -75.1893, -25.321
-51.8721, -82.2318, -25.4613
-41.1988, -87.971, -25.6186
-29.8863, -92.3267, -25.7889
-18.1313, -95.2337, -25.9591
-6.09268, -96.6466, -26.1347
6.01309, -96.5389, -26.326
18.0097, -94.9111, -26.5009
29.6965, -91.7945, -26.699
40.9024, -87.2377, -26.8881
51.4363, -81.3272, -27.0778
61.1586, -74.1455, -27.2732
69.8916, -65.793, -27.4601
77.4929, -56.4176, -27.6442
83.8759, -46.1693, -27.8306
88.9181, -35.2028, -28.006
92.5488, -23.6954, -28.1914
94.6999, -11.8353, -28.3619
95.3353, 0.2067, -28.5125
94.4706, 12.2378, -28.6649
92.106, 24.048, -28.8228
88.2733, 35.4619, -28.9487
83.0405, 46.3014, -29.0854
76.5095, 56.4072, -29.2028
68.7571, 65.6069, -29.3081
59.9257, 73.7711, -29.4118
50.1321, 80.7478, -29.5086
39.5416, 86.4285, -29.5894
28.3316, 90.7348, -29.6716
16.6828, 93.6097, -29.7396
4.76284, 94.9964, -29.7934
-7.2388, 94.8892, -29.8522
-19.1194, 93.2841, -29.9108
-30.7087, 90.1985, -29.9627
-41.8147, 85.6892, -30.0054
-52.2677, 79.8333, -30.0815
-61.8862, 72.6869, -30.1088
-70.5347, 64.4105, -30.1646
-78.0758, 55.118, -30.2084
-84.3895, 44.9571, -30.2704
-89.3927, 34.0976, -30.3407
-92.9741, 22.7077, -30.4143
-95.1142, 10.946, -30.4851
-95.7694, -0.979748, -30.57
-94.8895, -12.8826, -30.6429
-92.5298, -24.5833, -30.735
-88.7365, -35.8952, -30.85
-83.5574, -46.6248, -30.9511
-77.0777, -56.6269, -31.0739
-69.3941, -65.7302, -31.2096
-60.6405, -73.7984, -31.339
-50.937, -80.7032, -31.4805
-40.4565, -86.3317, -31.6357
-29.359, -90.5921, -31.7984
-17.8211, -93.4525, -31.9683
-6.01306, -94.8448, -32.1637
5.85618, -94.732, -32.3356
17.6213, -93.1222, -32.5165
29.0709, -90.0317, -32.6944
40.0533, -85.5695, -32.8871
50.397, -79.7702, -33.0742
59.9083, -72.7132, -33.2599
68.4567, -64.5134, -33.4461
75.9088, -55.3103, -33.6221
82.1591, -45.2711, -33.8056
87.0836, -34.5242, -33.9881
90.6448, -23.2509, -34.1635
92.7465, -11.612, -34.3336
93.3517, 0.174803, -34.4796
92.5052, 11.9536, -34.6326
90.1605, 23.523, -34.7744
86.4119, 34.7067, -34.9076
81.2925, 45.3262, -35.0302
74.8831, 55.2144, -35.1554
67.3047, 64.235, -35.26
58.6244, 72.2106, -35.3638
49.031, 79.0251, -35.447
38.6748, 84.5827, -35.5343
27.692, 88.8103, -35.6098
16.2912, 91.6202, -35.6801
4.61651, 92.976, -35.7362
-7.13036, 92.8528, -35.8007
-18.7475, 91.2441, -35.8441
-30.0887, 88.2194, -35.8866
-40.9442, 83.7971, -35.9428
-51.1614, 78.05, -35.9907
-60.5712, 71.07, -36.0416
-69.0177, 62.963, -36.0825
-76.3878, 53.873, -36.1282
-82.5698, 43.9414, -36.1942
-87.447, 33.3163, -36.2618
-90.9417, 22.1672, -36.3293
-93.0414, 10.6783, -36.4101
-93.6542, -0.985726, -36.4841
-92.7865, -12.6231, -36.5617
-90.4704, -24.0486, -36.6495
-86.7645, -35.1029, -36.7487
-81.6846, -45.5828, -36.8561
-75.3489, -55.3481, -36.9727
-67.8405, -64.2443, -37.1098
-59.2771, -72.1177, -37.2449
-49.8043, -78.8577, -37.3802
-39.5708, -84.3614, -37.5383
-28.7232, -88.5309, -37.7005
-17.4521, -91.299, -37.8717
-5.92182, -92.6419, -38.0366
5.67723, -92.5251, -38.2156
17.1472, -90.9406, -38.3945
28.339, -87.9259, -38.5761
39.0608, -83.5728, -38.7577
49.141, -77.8904, -38.9389
58.4256, -70.9886, -39.1179
66.7616, -62.9872, -39.2968
74.0279, -54.0146, -39.478
80.1177, -44.2028, -39.6572
84.928, -33.7132, -39.8327
88.3901, -22.6997, -40.0052
90.4107, -11.3552, -40.1576
91.0162, 0.15353, -40.3107
90.1683, 11.6339, -40.4611
87.8921, 22.9164, -40.5938
84.2162, 33.813, -40.7171
79.2097, 44.1669, -40.8515
72.9607, 53.8114, -40.976
65.5637, 62.5935, -41.0822
57.1011, 70.3594, -41.1685
47.7446, 76.9967, -41.2597
37.6376, 82.4118, -41.3397
26.9477, 86.5137, -41.413
15.8205, 89.2523, -41.4754
4.44671, 90.5512, -41.5362
-6.99171, 90.4223, -41.5827
-18.3141, 88.8711, -41.6354
-29.3523, 85.9204, -41.6883
-39.9264, 81.5912, -41.7318
-49.8655, 75.9789, -41.7682
-59.019, 69.1634, -41.8199
-67.2377, 61.2636, -41.8559
-74.4229, 52.4149, -41.912
-80.4146, 42.7401, -41.977
-85.154, 32.4034, -42.0476
-88.5671, 21.5474, -42.1154
-90.5798, 10.3579, -42.1825
-91.1614, -0.986494, -42.2451
-90.3094, -12.309, -42.3246
-88.0522, -23.4229, -42.4173
-84.4371, -34.1648, -42.5124
-79.496, -44.3567, -42.6181
-73.3272, -53.8623, -42.7306
-66.0298, -62.5139, -42.8651
-57.6986, -70.1636, -43.0003
-48.4766, -76.7107, -43.1305
-38.5236, -82.0328, -43.2772
-27.9687, -86.0741, -43.4276
-17.006, -88.7638, -43.5961
-5.80631, -90.0622, -43.7696
5.4614, -89.9435, -43.9463
16.6184, -88.4021, -44.1164
27.4925, -85.4899, -44.2971
37.898, -81.2331, -44.4764
47.6997, -75.7085, -44.6472
56.7156, -68.9988, -44.8279
64.8065, -61.2295, -45.0066
71.8741, -52.4906, -45.1788
77.753, -42.9493, -45.3488
82.4124, -32.7657, -45.5054
85.7509, -22.0732, -45.6754
87.7166, -11.0535, -45.8275
88.2958, 0.116016, -45.9811
87.4694, 11.2625, -46.1164
85.2446, 22.2023, -46.2517
81.6851, 32.7836, -46.38
76.8119, 42.8271, -46.5039
70.7427, 52.1767, -46.6163
63.5474, 60.686, -46.711
55.3427, 68.2183, -46.8061
46.2485, 74.6494, -46.8875
36.4533, 79.8946, -46.9737
26.0801, 83.8733, -47.0468
15.2958, 86.5027, -47.1107
4.259, 87.7553, -47.1521
-6.82761, 87.6357, -47.2113
-17.8097, 86.1164, -47.2564
-28.5013, 83.23, -47.3026
-38.7454, 79.0396, -47.3457
-48.375, 73.5958, -47.3904
-57.232, 66.9892, -47.4246
-65.2061, 59.3281, -47.4778
-72.1547, 50.7536, -47.5352
-77.9478, 41.3773, -47.5983
-82.5545, 31.3545, -47.6646
-85.8423, 20.839, -47.7325
-87.7776, 10.0035, -47.7909
-88.3291, -0.987406, -47.8566
-87.4932, -11.9421, -47.926
-85.3051, -22.7061, -48.0221
-81.7917, -33.1038, -48.1184
-77.0175, -42.974, -48.22
-71.0399, -52.1657, -48.3287
-63.9474, -60.5215, -48.4551
-55.8759, -67.9175, -48.5787
-46.9524, -74.246, -48.7117
-37.3041, -79.3941, -48.843
-27.1067, -83.2921, -48.9904
-16.5087, -85.8868, -49.1677
-5.65937, -87.1468, -49.3373
5.22874, -87.018, -49.5017
16.0135, -85.5286, -49.6612
26.5149, -82.6732, -49.8244
36.5834, -78.5511, -49.9955
46.0467, -73.2004, -50.1633
54.7605, -66.7225, -50.3371
62.571, -59.1972, -50.5023
69.385, -50.7599, -50.6868
75.0728, -41.5355, -50.8365
79.5737, -31.691, -51.0066
82.7748, -21.3577, -51.1643
84.6717, -10.714, -51.318
85.2323, 0.0790039, -51.4676
84.4079, 10.8421, -51.5881
82.2639, 21.4096, -51.7143
78.8128, 31.6176, -51.8441
74.1102, 41.316, -51.9663
68.2467, 50.3428, -52.0853
61.2896, 58.5415, -52.1796
53.3555, 65.8028, -52.2581
44.593, 71.9998, -52.3392
35.1288, 77.0662, -52.4291
25.1111, 80.8837, -52.4845
14.6948, 83.4244, -52.5549
4.0613, 84.6323, -52.602
-6.64083, 84.5015, -52.6505
-17.2276, 83.0292, -52.7079
-27.539, 80.231, -52.7347
-37.4152, 76.1771, -52.7765
-46.6923, 70.9221, -52.8238
-55.2362, 64.5521, -52.8645
-62.9109, 57.1683, -52.9068
-69.5887, 48.8749, -52.9535
-75.1822, 39.8387, -53.0216
-79.6106, 30.1804, -53.092
-82.7724, 20.0508, -53.1622
-84.6437, 9.6009, -53.2289
-85.1594, -0.97797, -53.2842
-84.3564, -11.5436, -53.3573
-82.2511, -21.9153, -53.4535
-78.8539, -31.929, -53.5468
-74.2414, -41.4347, -53.636
-68.453, -50.2629, -53.7325
-61.6252, -58.2922, -53.8393
-53.8452, -65.4107, -53.9682
-45.2415, -71.491, -54.0944
-35.9625, -76.4407, -54.2347
-26.1457, -80.193, -54.3818
-15.9384, -82.6803, -54.5422
-5.50853, -83.8867, -54.7072
4.98036, -83.7489, -54.864
15.3538, -82.2985, -55.013
25.4518, -79.5418, -55.1664
35.1326, -75.5789, -55.3382
44.2279, -70.4336, -55.5107
52.5883, -64.19, -55.6611
60.0937, -56.9422, -55.8266
66.6434, -48.8322, -55.9904
72.1079, -39.964, -56.1453
76.4174, -30.4918, -56.3192
79.5078, -20.5535, -56.4693
81.3106, -10.3316, -56.6147
81.8297, 0.047746, -56.7503
81.0375, 10.382, -56.8817
78.9715, 20.5462, -57.0076
75.6509, 30.3406, -57.1241
71.1365, 39.6578, -57.2464
65.4873, 48.3138, -57.3505
58.7888, 56.181, -57.4374
51.1727, 63.1387, -57.515
42.7531, 69.0935, -57.5982
33.6598, 73.9393, -57.6655
24.0411, 77.5974, -57.7353
14.0415, 80.0256, -57.8033
3.83179, 81.173, -57.8481
-6.43556, 81.0503, -57.9116
-16.5878, 79.6204, -57.9514
-26.4815, 76.9389, -57.987
-35.9558, 73.0343, -58.0291
-44.85, 67.9861, -58.0676
-53.0379, 61.8698, -58.1013
-60.3896, 54.7765, -58.1338
-66.7757, 46.8293, -58.1807
-72.1324, 38.1557, -58.2405
-76.3672, 28.895, -58.3109
-79.3945, 19.1854, -58.3766
-81.1558, 9.17039, -58.4423
-81.6585, -0.979782, -58.4967
-80.8807, -11.0939, -58.5718
-78.8451, -21.0334, -58.6577
-75.5947, -30.6299, -58.7492
-71.1485, -39.7157, -58.8258
-65.6111, -48.1612, -58.9279
-59.0578, -55.8471, -59.0327
-51.6047, -62.6496, -59.1512
-43.3711, -68.4622, -59.2696
-34.4847, -73.202, -59.4189
-25.0906, -76.7911, -59.5547
-15.3191, -79.169, -59.7059
-5.33754, -80.3083, -59.8652
4.70525, -80.1599, -60.0151
14.6207, -78.7692, -60.1638
24.2919, -76.1496, -60.3151
33.5465, -72.3367, -60.4848
42.2421, -67.4057, -60.641
50.2326, -61.4119, -60.7868
57.3968, -54.4824, -60.9413
63.6423, -46.723, -61.0894
68.8658, -38.2383, -61.2386
72.9717, -29.1777, -61.3974
75.91, -19.6819, -61.5437
77.6375, -9.89636, -61.6861
78.1238, 0.006011, -61.8198
77.3563, 9.89006, -61.9398
75.3678, 19.5779, -62.0577
72.1829, 28.9383, -62.1661
67.8679, 37.823, -62.2899
62.4555, 46.0805, -62.3828
56.0496, 53.5889, -62.4694
48.7788, 60.2263, -62.5463
40.7412, 65.8989, -62.6224
32.0591, 70.516, -62.6878
22.8682, 74.0115, -62.763
13.3442, 76.3091, -62.8254
3.59234, 77.4, -62.8715
-6.20059, 77.2732, -62.9283
-15.8779, 75.9035, -62.9758
-25.3214, 73.3441, -63.013
-34.352, 69.6029, -63.0503
-42.8275, 64.7753, -63.0638
-50.6262, 58.9418, -63.1017
-57.6228, 52.1787, -63.1508
-63.709, 44.6051, -63.2073
-68.8259, 36.3346, -63.2625
-72.8306, 27.4958, -63.3162
-75.6854, 18.231, -63.3759
-77.3559, 8.68547, -63.4216
-77.8145, -0.96439, -63.4696
-77.0793, -10.6038, -63.5523
-75.1409, -20.0631, -63.6303
-72.02, -29.1839, -63.7098
-67.7866, -37.8388, -63.7969
-62.505, -45.8834, -63.8881
-56.274, -53.1945, -63.9892
-49.1706, -59.6578, -64.102
-41.337, -65.1865, -64.2404
-32.8807, -69.6965, -64.3699
-23.9273, -73.0917, -64.5152
-14.637, -75.3362, -64.6399
-5.13772, -76.39, -64.7769
4.4089, -76.252, -64.9285
13.8477, -74.9093, -65.0603
23.0307, -72.4148, -65.2058
31.8209, -68.7875, -65.37
40.0747, -64.0852, -65.5173
47.6631, -58.3939, -65.6583
54.4654, -51.797, -65.7892
60.3896, -44.4053, -65.9382
65.3373, -36.3561, -66.0856
69.2299, -27.7384, -66.2225
72.0157, -18.7285, -66.3716
73.6444, -9.43656, -66.5074
74.0827, -0.0294601, -66.6294
73.343, 9.33641, -66.7427
71.4498, 18.5444, -66.8522
68.4171, 27.421, -66.9652
64.3074, 35.839, -67.0615
59.1599, 43.6655, -67.1603
53.0974, 50.7769, -67.2431
46.1776, 57.0697, -67.3212
38.5502, 62.4412, -67.3956
30.3155, 66.8156, -67.4577
21.6124, 70.113, -67.5276
12.5649, 72.2858, -67.5828
3.34009, 73.3105, -67.6301
-5.94203, 73.1675, -67.6845
-15.119, 71.8632, -67.7323
-24.0598, 69.4323, -67.7674
-32.6076, 65.8885, -67.8032
-40.6387, 61.3242, -67.85
-48.0159, 55.772, -67.8668
-54.6333, 49.3644, -67.8983
-60.3913, 42.1781, -67.9483
-65.1906, 34.3403, -68.0031
-68.9734, 25.9775, -68.0434
-71.684, 17.2055, -68.1041
-73.2505, 8.18624, -68.1487
-73.6784, -0.956968, -68.2097
-72.9781, -10.065, -68.2822
-71.1205, -19.0022, -68.3511
-68.1689, -27.633, -68.4303
-64.148, -35.8132, -68.5095
-59.1567, -43.4178, -68.6035
-53.2526, -50.3252, -68.6861
-46.5374, -56.4228, -68.7944
-39.1301, -61.6492, -68.9297
-31.1315, -65.8824, -69.0527
-22.6688, -69.0743, -69.1699
-13.8929, -71.1842, -69.3025
-4.91699, -72.1904, -69.4423
4.09689, -72.054, -69.5795
12.9922, -70.7744, -69.705
21.6644, -68.3914, -69.8408
29.9443, -64.9535, -69.9828
37.7355, -60.5071, -70.116
44.8939, -55.1256, -70.2593
51.3118, -48.9071, -70.3937
56.8861, -41.9302, -70.5314
61.5525, -34.3304, -70.6764
65.2062, -26.1962, -70.8003
67.8165, -17.6954, -70.9364
69.3387, -8.93833, -71.0502
69.7526, -0.0644039, -71.166
69.0434, 8.76109, -71.2769
67.2483, 17.4245, -71.3819
64.3812, 25.7835, -71.4803
60.5021, 33.7144, -71.5893
55.6564, 41.0872, -71.6787
49.9261, 47.7791, -71.7594
43.4073, 53.6954, -71.825
36.2175, 58.7396, -71.8884
28.461, 62.8422, -71.9532
20.2645, 65.9292, -72.0107
11.7545, 67.962, -72.063
3.06098, 68.9204, -72.1103
-5.66773, 68.7647, -72.1513
-14.2933, 67.5312, -72.1964
-22.6994, 65.2369, -72.2384
-30.729, 61.9061, -72.2828
-38.2679, 57.5956, -72.3093
-45.1993, 52.3836, -72.3465
-51.4228, 46.3532, -72.3845
-56.8225, 39.5937, -72.4315
-61.3283, 32.2266, -72.4718
-64.8635, 24.3514, -72.5121
-67.3919, 16.1099, -72.5621
-68.8677, 7.632, -72.6199
-69.2456, -0.938412, -72.6631
-68.5782, -9.4901, -72.729
-66.8281, -17.8854, -72.8071
-64.0369, -25.9748, -72.86
-60.2629, -33.6351, -72.935
-55.5593, -40.7601, -73.0004
-50.0145, -47.2367, -73.1038
-43.7195, -52.9625, -73.2145
-36.7613, -57.8464, -73.3212
-29.2527, -61.8038, -73.4275
-21.3136, -64.7834, -73.547
-13.0828, -66.745, -73.6667
-4.69085, -67.6672, -73.8031
3.74825, -67.529, -73.9323
12.093, -66.3368, -74.0547
20.2094, -64.0866, -74.1766
27.9611, -60.861, -74.3175
35.2531, -56.7, -74.455
41.9454, -51.6571, -74.577
47.939, -45.8172, -74.6975
53.1514, -39.2849, -74.8319
57.501, -32.1565, -74.9599
60.9147, -24.5593, -75.0703
63.3462, -16.5957, -75.2086
64.7723, -8.40436, -75.3238
65.1432, -0.117469, -75.4286
64.4809, 8.14404, -75.5475
62.7806, 16.2331, -75.6375
60.0876, 24.0502, -75.737
56.463, 31.46, -75.8434
51.9143, 38.3413, -75.9206
46.5548, 44.5815, -75.9994
40.4549, 50.1024, -76.0497
33.7398, 54.7986, -76.1132
26.4894, 58.602, -76.1634
18.8259, 61.4774, -76.207
10.8812, 63.3758, -76.2571
2.77105, 64.2476, -76.2981
-5.36556, 64.1054, -76.343
-13.4203, 62.9405, -76.3763
-21.2446, 60.7914, -76.4281
-28.7305, 57.6713, -76.4701
-35.7559, 53.636, -76.4986
-42.2033, 48.7726, -76.5182
-47.9913, 43.141, -76.5621
-53.0184, 36.8411, -76.5962
-57.1953, 29.9601, -76.6369
-60.4943, 22.6309, -76.6843
-62.829, 14.9546, -76.724
-64.1832, 7.05728, -76.7708
-64.555, -0.924815, -76.8405
-63.9173, -8.89557, -76.9141
-62.272, -16.6954, -76.9657
-59.6841, -24.225, -77.0344
-56.1436, -31.3439, -77.087
-51.7593, -37.9563, -77.1516
-46.5953, -43.9691, -77.2485
-40.7272, -49.2808, -77.3257
-34.2496, -53.8092, -77.4234
-27.2711, -57.4874, -77.5438
-19.8963, -60.2527, -77.6518
-12.247, -62.0645, -77.7775
-4.44002, -62.9033, -77.8874
3.40168, -62.7669, -78.0139
11.1464, -61.6315, -78.1343
18.6725, -59.5458, -78.2451
25.8686, -56.5485, -78.3745
32.6206, -52.6676, -78.499
38.8351, -47.9803, -78.6206
44.4014, -42.559, -78.7499
49.2231, -36.4873, -78.8646
53.2495, -29.8785, -78.9843
56.4019, -22.8188, -79.0836
58.6399, -15.4327, -79.1961
59.9416, -7.8422, -79.3028
60.2878, -0.160036, -79.4195
59.6552, 7.48666, -79.5252
58.0721, 14.9918, -79.6124
55.573, 22.2185, -79.6956
52.1789, 29.0784, -79.7848
47.9606, 35.4395, -79.856
43.0108, 41.2198, -79.9501
37.3637, 46.3186, -79.9973
31.1314, 50.6519, -80.0491
24.4128, 54.1599, -80.0828
17.321, 56.8079, -80.1269
9.98005, 58.5339, -80.1772
2.48175, 59.3408, -80.2141
-5.04464, 59.1955, -80.2468
-12.4869, 58.1103, -80.2775
-19.7191, 56.1026, -80.3116
-26.62, 53.2144, -80.3438
-33.0942, 49.4755, -80.3648
-39.0419, 44.9701, -80.4024
-44.3824, 39.7694, -80.4491
-49.0124, 33.936, -80.4731
-52.8731, 27.5901, -80.5149
-55.8868, 20.8131, -80.5492
-58.0249, 13.7376, -80.5885
-59.2614, 6.45909, -80.6314
-59.5925, -0.907947, -80.6826
-58.992, -8.24715, -80.7366
-57.4665, -15.4342, -80.8021
-55.063, -22.368, -80.8704
-51.8051, -28.9249, -80.921
-47.7728, -35.0161, -81.0126
-42.9929, -40.5494, -81.0825
-37.5726, -45.426, -81.1476
-31.6152, -49.5819, -81.2507
-25.1848, -52.9492, -81.3471
-18.3961, -55.4909, -81.46
-11.3577, -57.1371, -81.5706
-4.16796, -57.9083, -81.6797
3.03791, -57.7665, -81.7946
10.1449, -56.7203, -81.9046
17.0735, -54.7802, -82.018
23.6815, -52.0047, -82.1328
29.8796, -48.4258, -82.2403
35.5763, -44.1056, -82.34
40.6637, -39.12, -82.4585
45.0824, -33.5349, -82.555
48.7646, -27.4646, -82.6602
51.6441, -20.9835, -82.7626
53.7031, -14.2172, -82.8721
54.8828, -7.25417, -82.9724
55.185, -0.212033, -83.0887
54.5934, 6.80755, -83.1848
53.1285, 13.6907, -83.2679
50.8215, 20.3091, -83.3407
47.7063, 26.5855, -83.4223
43.8355, 32.4018, -83.4966
39.2793, 37.679, -83.5528
34.104, 42.3433, -83.6062
28.3923, 46.3006, -83.6635
22.2519, 49.5057, -83.7027
15.7561, 51.9036, -83.7381
9.03521, 53.4759, -83.7647
2.18015, 54.2102, -83.8148
-4.70856, 54.0636, -83.8507
-11.5065, 53.0516, -83.8674
-18.1068, 51.2012, -83.8989
-24.4182, 48.544, -83.92
-30.3182, 45.1255, -83.9443
-35.7439, 41.0014, -83.9794
-40.6139, 36.2346, -84.011
-44.8235, 30.9065, -84.044
-48.3209, 25.1114, -84.0639
-51.059, 18.9273, -84.0925
-52.9919, 12.4636, -84.1362
-54.1233, 5.82684, -84.1782
-54.4137, -0.892065, -84.244
-53.8463, -7.57558, -84.2976
-52.4484, -14.1229, -84.3383
-50.2399, -20.4408, -84.407
-47.2714, -26.3971, -84.4601
-43.5796, -31.9428, -84.5221
-39.2274, -36.962, -84.585
-34.2966, -41.3866, -84.6656
-28.8644, -45.168, -84.7589
-23.0036, -48.222, -84.8432
-16.8236, -50.5104, -84.9453
-10.4163, -52.002, -85.0481
-3.89675, -52.6668, -85.128
2.66097, -52.5219, -85.2278
9.11846, -51.5435, -85.3249
15.3933, -49.7799, -85.4285
21.3879, -47.2482, -85.5268
27.002, -43.9975, -85.627
32.1652, -40.0664, -85.7334
36.775, -35.5342, -85.8435
40.7616, -30.4753, -85.9333
44.0928, -24.9576, -86.0269
46.6917, -19.0773, -86.1148
48.5383, -12.9388, -86.2189
49.5913, -6.61591, -86.313
49.8446, -0.246003, -86.4131
49.3113, 6.11014, -86.5098
47.9682, 12.3249, -86.5719
45.8628, 18.3115, -86.6472
43.0362, 23.9826, -86.7194
39.5274, 29.2359, -86.7881
35.39, 33.9985, -86.8418
30.706, 38.2017, -86.8855
25.5474, 41.756, -86.9264
19.99, 44.6404, -86.976
14.1283, 46.8001, -87.0097
8.05027, 48.2146, -87.0456
1.85328, 48.8445, -87.076
-4.35379, 48.7005, -87.0988
-10.4814, 47.7711, -87.118
-16.4332, 46.0878, -87.1372
-22.1047, 43.6822, -87.1645
-27.4255, 40.5931, -87.1977
-32.3048, 36.87, -87.2185
-36.677, 32.5669, -87.2503
-40.4497, 27.7597, -87.2731
-43.5944, 22.5295, -87.3021
-46.0445, 16.9678, -87.3375
-47.7815, 11.1475, -87.375
-48.7727, 5.17733, -87.4157
-49.0194, -0.867729, -87.472
-48.4974, -6.87859, -87.512
-47.2202, -12.7523, -87.5384
-45.2198, -18.4137, -87.5835
-42.5355, -23.7684, -87.6414
-39.2095, -28.7222, -87.7052
-35.3032, -33.2173, -87.7715
-30.88, -37.1965, -87.8462
-25.9908, -40.5645, -87.9358
-20.7394, -43.2821, -88.0046
-15.1902, -45.3236, -88.0877
-9.45233, -46.6459, -88.1926
-3.60054, -47.2323, -88.2613
2.26543, -47.0875, -88.3503
8.04154, -46.2029, -88.4545
13.6536, -44.6094, -88.5381
19.0115, -42.3295, -88.6182
24.02, -39.3944, -88.6996
28.6211, -35.8814, -88.8057
32.7345, -31.8157, -88.8879
36.2931, -27.2839, -88.9809
39.2456, -22.3494, -89.0503
41.5469, -17.0925, -89.1329
43.1771, -11.6048, -89.2147
44.1038, -5.98091, -89.2972
44.3191, -0.281519, -89.3954
43.8221, 5.37842, -89.4853
42.617, 10.9123, -89.5656
40.7328, 16.2453, -89.6244
38.2009, 21.2808, -89.6935
35.0647, 25.9486, -89.7553
31.373, 30.181, -89.7892
27.1886, 33.9008, -89.8343
22.5901, 37.0565, -89.8778
17.6469, 39.6094, -89.9244
12.4301, 41.506, -89.9404
7.02283, 42.7438, -89.9738
1.52833, 43.291, -90.0046
-3.9844, 43.1405, -90.0216
-9.42284, 42.3057, -90.0352
-14.6955, 40.7985, -90.0545
-19.7299, 38.6474, -90.0724
-24.4244, 35.8856, -90.0947
-28.7394, 32.5839, -90.1224
-32.5864, 28.7658, -90.1438
-35.9264, 24.5017, -90.1632
-38.6937, 19.8603, -90.1963
-40.8628, 14.9332, -90.2425
-42.3733, 9.78002, -90.2591
-43.2445, 4.49216, -90.2923
-43.4333, -0.8437, -90.344
-42.9477, -6.14929, -90.3743
-41.8044, -11.3341, -90.4066
-40.0358, -16.3235, -90.443
-37.6471, -21.0361, -90.4978
-34.7041, -25.4124, -90.5493
-31.244, -29.3648, -90.6071
-27.3249, -32.8494, -90.6802
-23.0149, -35.8012, -90.7561
-18.3864, -38.1822, -90.8218
-13.5041, -39.9598, -90.9009
-8.44734, -41.1118, -90.9752
-3.30465, -41.6138, -91.0511
1.84937, -41.4593, -91.1247
6.92974, -40.6659, -91.1913
11.8647, -39.2554, -91.2886
16.5557, -37.2402, -91.3619
20.9449, -34.6543, -91.4454
24.9778, -31.5498, -91.5315
28.5603, -27.9849, -91.6124
31.6677, -23.9974, -91.6844
34.2458, -19.6632, -91.7437
36.2535, -15.0491, -91.8281
37.6697, -10.2291, -91.8941
38.462, -5.30571, -91.9845
38.6202, -0.332949, -92.0535
38.1696, 4.61528, -92.1161
37.1006, 9.45084, -92.1717
35.4396, 14.1104, -92.2388
33.2058, 18.4952, -92.2943
30.4584, 22.5663, -92.3642
27.2248, 26.2346, -92.3862
23.5671, 29.4713, -92.4296
19.5427, 32.2104, -92.4783
15.2254, 34.4155, -92.5108
10.6755, 36.0575, -92.5299
5.97431, 37.108, -92.5465
1.18002, 37.5605, -92.5592
-3.6129, 37.4225, -92.5957
-8.3363, 36.6751, -92.6037
-12.9017, 35.3456, -92.6126
-17.2649, 33.4683, -92.6399
-21.3377, 31.0634, -92.667
-25.0678, 28.1661, -92.6703
-28.3981, 24.8391, -92.6869
-31.274, 21.1437, -92.7132
-33.6516, 17.1173, -92.7531
-35.5028, 12.841, -92.7668
-36.8058, 8.38403, -92.7956
-37.5288, 3.80969, -92.8305
-37.6761, -0.805232, -92.8681
-37.237, -5.38489, -92.8732
-36.2252, -9.85811, -92.8938
-34.6833, -14.1677, -92.9444
-32.6103, -18.2292, -92.9758
-30.0482, -21.9826, -93.0351
-27.0625, -25.3892, -93.08
-23.6843, -28.3663, -93.1458
-19.9654, -30.9005, -93.2149
-15.9693, -32.9316, -93.2724
-11.7575, -34.4403, -93.3208
-7.4194, -35.4076, -93.391
-2.99319, -35.8321, -93.456
1.43904, -35.6702, -93.5169
5.79214, -34.9712, -93.6007
10.0143, -33.7417, -93.6742
14.0312, -31.9881, -93.7418
17.7905, -29.7596, -93.8086
21.2179, -27.0868, -93.8668
24.2786, -24.0182, -93.952
26.9231, -20.6028, -94.0152
29.1124, -16.883, -94.0723
30.8051, -12.9536, -94.1455
32.004, -8.8347, -94.2159
32.6561, -4.62068, -94.2894
32.7839, -0.377281, -94.3419
32.3627, 3.83992, -94.3887
31.4314, 7.95253, -94.4372
29.9971, 11.909, -94.4786
28.0851, 15.631, -94.5365
25.7292, 19.0846, -94.5882
22.9606, 22.1983, -94.6363
19.8503, 24.926, -94.6829
16.4283, 27.2376, -94.7176
12.7481, 29.083, -94.739
8.89031, 30.4591, -94.759
4.90687, 31.3243, -94.7592
0.847352, 31.6923, -94.7819
-3.21985, 31.5438, -94.779
-7.19276, 30.8916, -94.7815
-11.0486, 29.7574, -94.8048
-14.7387, 28.1524, -94.8327
-18.1653, 26.1011, -94.8442
-21.2915, 23.6544, -94.8623
-24.0767, 20.8264, -94.8754
-26.4775, 17.6858, -94.8862
-28.4629, 14.2923, -94.8969
-30.0068, 10.6881, -94.9081
-31.0733, 6.93487, -94.9416
-31.6744, 3.08036, -94.9735
-31.7604, -0.778275, -94.9912
-31.3771, -4.62192, -95.0136
-30.517, -8.36937, -95.0413
-29.2013, -11.9646, -95.0814
-27.4472, -15.3554, -95.1251
-25.296, -18.4917, -95.1718
-22.774, -21.3035, -95.2089
-19.9369, -23.7885, -95.2587
-16.8273, -25.8744, -95.3154
-13.4771, -27.5544, -95.3599
-9.97173, -28.7833, -95.3963
-6.35075, -29.5646, -95.4609
-2.66895, -29.8861, -95.5162
1.00114, -29.7429, -95.5621
4.62804, -29.1419, -95.6212
8.1337, -28.1037, -95.6905
11.4479, -26.6343, -95.7616
14.5574, -24.7687, -95.8198
17.3855, -22.5254, -95.884
19.9036, -19.9816, -95.9481
22.0642, -17.1372, -95.9962
23.863, -14.0608, -96.0522
25.2344, -10.8012, -96.1051
26.2004, -7.41061, -96.163
26.7187, -3.92441, -96.2075
26.8014, -0.417572, -96.2564
26.4225, 3.03407, -96.2852
25.6327, 6.41942, -96.3179
24.4363, 9.65666, -96.3592
22.8498, 12.7072, -96.4
20.8937, 15.5203, -96.4391
18.6268, 18.0522, -96.4839
16.0618, 20.2658, -96.517
13.2416, 22.1404, -96.5436
10.2312, 23.6346, -96.581
7.06037, 24.7427, -96.5924
3.79521, 25.4166, -96.61
0.487465, 25.6928, -96.6089
-2.81086, 25.5434, -96.6085
-6.04482, 24.9919, -96.6151
-9.17571, 24.0455, -96.6103
-12.1496, 22.7132, -96.6288
-14.9155, 21.0319, -96.646
-17.4438, 19.0202, -96.6656
-19.681, 16.7206, -96.668
-21.5965, 14.1707, -96.6747
-23.18, 11.4171, -96.6752
-24.4026, 8.49393, -96.7014
-25.2401, 5.45887, -96.7203
-25.6832, 2.36903, -96.7412
-25.7346, -0.74643, -96.7638
-25.3925, -3.82282, -96.7672
-24.6813, -6.83279, -96.7989
-23.6075, -9.71255, -96.8285
-22.1888, -12.4126, -96.8842
-20.445, -14.9004, -96.9157
-18.412, -17.1484, -96.9541
-16.1281, -19.0999, -96.9805
-13.6279, -20.7488, -97.0151
-10.946, -22.0582, -97.0621
-8.1442, -23.0225, -97.1209
-5.26458, -23.6229, -97.1569
-2.3228, -23.8487, -97.2074
0.576754, -23.7049, -97.2527
3.43886, -23.2022, -97.2954
6.21447, -22.3481, -97.3381
8.82291, -21.1573, -97.3892
11.2591, -19.6646, -97.4276
13.4671, -17.8802, -97.482
15.4487, -15.8438, -97.5438
17.1203, -13.6014, -97.5836
18.5056, -11.1665, -97.6336
19.5698, -8.58952, -97.6668
20.2879, -5.92605, -97.6975
20.6609, -3.20594, -97.7272
20.6928, -0.469032, -97.76
20.3859, 2.24196, -97.7772
19.7436, 4.85866, -97.8306
18.7755, 7.37306, -97.8484
17.5077, 9.73928, -97.8821
15.9713, 11.9067, -97.9164
14.1852, 13.8516, -97.9449
12.1842, 15.555, -97.969
9.99059, 16.9706, -97.998
7.65108, 18.0873, -98.0052
5.20114, 18.9096, -98.0299
2.68412, 19.4135, -98.0475
0.143762, 19.5905, -98.0506
-2.39144, 19.4452, -98.0509
-4.87063, 19.0047, -98.0467
-7.26019, 18.2337, -98.0455
-9.52045, 17.2019, -98.0612
-11.6172, 15.8845, -98.0757
-13.5109, 14.3314, -98.0845
-15.19, 12.5612, -98.0874
-16.6292, 10.606, -98.0897
-17.8015, 8.49784, -98.0952
-18.6908, 6.26288, -98.1082
-19.2993, 3.9594, -98.1235
-19.6031, 1.62986, -98.1428
-19.6102, -0.71858, -98.1555
-19.3296, -3.01963, -98.1721
-18.7655, -5.26992, -98.1881
-17.9261, -7.41485, -98.2288
-16.837, -9.42833, -98.2551
-15.5097, -11.2603, -98.2877
-13.9722, -12.9182, -98.3204
-12.2504, -14.3462, -98.3452
-10.3686, -15.5415, -98.3804
-8.37151, -16.4902, -98.4019
-6.27787, -17.1683, -98.4267
-4.15075, -17.5799, -98.4655
-1.98971, -17.7119, -98.4991
0.148713, -17.5642, -98.5287
2.25449, -17.1662, -98.566
4.2627, -16.5126, -98.5984
6.16285, -15.6114, -98.6166
7.92623, -14.4918, -98.6689
9.51704, -13.1715, -98.7102
10.9204, -11.6735, -98.753
12.1119, -10.0077, -98.7718
13.0887, -8.23435, -98.7984
13.8083, -6.36532, -98.8295
14.2969, -4.42236, -98.854
14.5359, -2.4692, -98.8759
14.522, -0.516773, -98.8832
14.2574, 1.42395, -98.9129
13.7669, 3.28411, -98.9269
13.0377, 5.05636, -98.9585
12.1171, 6.717, -98.9889
10.9965, 8.23447, -99.0067
9.70544, 9.58802, -99.0343
8.26273, 10.7563, -99.0429
6.69682, 11.7117, -99.0559
5.03571, 12.474, -99.0625
3.32392, 13.0098, -99.08
1.56302, 13.3242, -99.1031
-0.217472, 13.4099, -99.1079
-1.9687, 13.2773, -99.105
-3.68241, 12.9209, -99.102
-5.31239, 12.3656, -99.1036
-6.84152, 11.6041, -99.1154
-8.2564, 10.6753, -99.1325
-9.5431, 9.58554, -99.1337
-10.6507, 8.34969, -99.1358
-11.6009, 6.99638, -99.1333
-12.3554, 5.53804, -99.1294
-12.9065, 4.03153, -99.1477
-13.2804, 2.4775, -99.1617
-13.446, 0.907095, -99.1752
-13.4111, -0.675751, -99.1828
-13.1848, -2.22263, -99.1929
-12.769, -3.70759, -99.2098
-12.1731, -5.10518, -99.2407
-11.4165, -6.40026, -99.2622
-10.5106, -7.58347, -99.2708
-9.47627, -8.63661, -99.2797
-8.32384, -9.53733, -99.3
-7.08224, -10.2797, -99.3087
-5.77035, -10.8461, -99.3175
-4.40993, -11.2506, -99.3537
-3.02525, -11.4644, -99.3721
-1.64556, -11.5051, -99.4001
-0.281528, -11.3734, -99.4224
1.0354, -11.0705, -99.4356
2.30758, -10.6023, -99.4563
3.48089, -10.0049, -99.4835
4.54609, -9.26286, -99.5155
5.50939, -8.4096, -99.5445
6.34929, -7.44072, -99.5664
7.04697, -6.38557, -99.5729
7.59037, -5.27176, -99.5925
8.00074, -4.10305, -99.6131
8.24197, -2.92177, -99.6215
8.34421, -1.72042, -99.6332
8.28674, -0.544902, -99.6377
8.08224, 0.600511, -99.6514
7.72309, 1.68778, -99.6578
7.25501, 2.72698, -99.6691
6.65733, 3.6802, -99.6849
5.96808, 4.53233, -99.7021
5.17908, 5.27876, -99.7133
4.32212, 5.91744, -99.7428
3.38427, 6.42524, -99.7544
2.42094, 6.80496, -99.7614
1.42959, 7.05657, -99.7639
0.424267, 7.18189, -99.7716
-0.568399, 7.17251, -99.7729
-1.53399, 7.04264, -99.7677
-2.45919, 6.79241, -99.7716
-3.34241, 6.42581, -99.7619
-4.14316, 5.97153, -99.7673
-4.87342, 5.42051, -99.7664
-5.5181, 4.79459, -99.7739
-6.07253, 4.09549, -99.7898
-6.5183, 3.34836, -99.7838
-6.85774, 2.56453, -99.7713
-7.10096, 1.74658, -99.7757
-7.21565, 0.938638, -99.7812
-7.23662, 0.136233, -99.7876
-7.15747, -0.643737, -99.7906
-6.99208, -1.40451, -99.8088
-6.73165, -2.10024, -99.8256
-6.38397, -2.75481, -99.8346
-5.95836, -3.35618, -99.8502
-5.47498, -3.88007, -99.8542
-4.94593, -4.32721, -99.8583
-4.3767, -4.6945, -99.8612
-3.77633, -4.96946, -99.8814
-3.15788, -5.1631, -99.8854
-2.51882, -5.27614, -99.8923
-1.88645, -5.30023, -99.8983
-1.28482, -5.2626, -99.8891
-0.702178, -5.12382, -99.9016
-0.163142, -4.9198, -99.9242
0.319633, -4.66875, -99.9485
0.77166, -4.35369, -99.9611
1.16419, -3.99936, -99.9703
1.48912, -3.60424, -99.9847
1.76021, -3.16729, -99.9943
1.95081, -2.72602, -99.9964
2.08339, -2.2738, -99.9862
2.15508, -1.8244, -99.9958
2.1643, -1.39065, -100.005
2.11201, -0.97687, -100.011
2.02246, -0.587009, -100.007
1.86007, -0.227099, -100.013
1.65752, 0.107975, -100.014
1.43054, 0.399043, -100.041
1.17988, 0.63943, -100.037
0.905883, 0.831942, -100.033
0.623589, 0.971032, -100.021
0.338467, 1.04945, -100.037
0.0619278, 1.10611, -100.045
-0.223105, 1.11426, -100.027
-0.479493, 1.06578, -100.021
-0.714437, 1.01229, -100.021
-0.923599, 0.908105, -100.026
-1.11253, 0.774692, -100.039
-1.25868, 0.636838, -100.039
-1.36531, 0.467296, -100.043
-1.44175, 0.308474, -100.042
-1.4729, 0.145214, -100.028
-1.48333, -0.0201452, -100.016
-1.46267, -0.184275, -100.015
-1.41637, -0.31356, -100.007
-1.33518, -0.432443, -100.012
-1.24562, -0.514534, -100.021
-1.13149, -0.574861, -100.009
-0.997632, -0.598736, -100.006
